▼本法人データはリストスが提供しています。
https://listoss.com/
▼1件10円！お問い合わせフォーム送信代行。
https://ftj-g.co.jp/form/
▼御社のテレアポ代行します。
https://ftj-g.co.jp/

会社名,郵便番号,都道府県,市区町村,住所,電話番号,FAX番号,出典URL,カテゴリ
アイメガネ毛呂山店コンタクトレンズセンター,350-0451,埼玉県,入間郡毛呂山町,大字毛呂本郷1367,049-293-0001,049-276-1717,http://www.aimegane.com/,生活用品,
麻原酒造株式会社,350-0451,埼玉県,入間郡毛呂山町,毛呂本郷94,049-294-0005,049-294-0189,http://www.musashino-asahara.jp/,製造・加工（食料品）,
株式会社駅前本屋,350-0451,埼玉県,入間郡毛呂山町,大字毛呂本郷1271,049-294-0045,049-294-8035,http://www.ekimaehonya.co.jp/,本,
有限会社森建材興業,350-0436,埼玉県,入間郡毛呂山町,川角652,049-294-0086,049-294-5898,http://www.morikenzai.co.jp/,製造・加工（金属製品）,
毛呂山歯科クリニック,350-0441,埼玉県,入間郡毛呂山町,岩井1498-2いなげや毛呂山店1F,049-293-0118,N.A.,http://www.moroyama-shika.com/,歯科系,
西入間広域消防組合消防本部,350-0441,埼玉県,入間郡毛呂山町,大字岩井2451,049-295-0119,N.A.,http://www.119nishiiruma.jp/,消防・警察,
村さ来埼玉医大前店,350-0451,埼玉県,入間郡毛呂山町,大字毛呂本郷1196,049-295-0131,049-295-0131,http://www.39co.net/,飲み屋,
ゆず霊園,350-0456,埼玉県,入間郡毛呂山町,大字滝ノ入603,049-294-0206,N.A.,http://www.yuzureien.or.jp/,葬儀,
JSS毛呂山スイミングスクール,350-0465,埼玉県,入間郡毛呂山町,岩井西3丁目16-19,049-295-0222,06-6449-6137,http://www.jss-group.co.jp/,スポーツ,
パソコン市民講座／いなげや毛呂店教室,350-0465,埼玉県,入間郡毛呂山町,岩井西2丁目14-6,049-295-0260,N.A.,http://www.pc4353.net/,資格,
ライフひまわり歯科,350-0441,埼玉県,入間郡毛呂山町,岩井字宮下2621-1ライフ毛呂山店2F,049-295-0373,N.A.,http://www.life-himawari.com/,医院・診療所・療養所,
有限会社大山工務店,350-0435,埼玉県,入間郡毛呂山町,下川原230-1,049-294-0688,049-294-9252,http://www.oyamakoumuten.co.jp/,総合・職別工事業,
高福寺,350-0456,埼玉県,入間郡毛呂山町,大字滝ノ入117,049-294-0718,049-295-9277,http://www.koufukuji.net/,宗教,
毛呂山珠算学校,350-0451,埼玉県,入間郡毛呂山町,大字毛呂本郷168-2,049-294-0858,N.A.,http://shuzan-saitama.com/,書道・そろばん,
愛仕幼稚園,350-0441,埼玉県,入間郡毛呂山町,大字岩井2668,049-294-0977,049-295-2888,http://www.youchien.ed.jp/,幼稚園・保育施設,
埼玉医科大学／医学部／入試事務室,350-0451,埼玉県,入間郡毛呂山町,大字毛呂本郷38,049-295-1000,049-276-2039,http://www.saitama-med.ac.jp/,小・中・高・大学等,
株式会社福島食品,350-0436,埼玉県,入間郡毛呂山町,川角644-3,049-295-1011,049-294-7175,https://www.fuku-shoku.co.jp/,販売・卸（食料品）,
株式会社内藤毛呂山サービスステーション,350-0467,埼玉県,入間郡毛呂山町,岩井東2丁目29-6,049-294-1018,0480-85-6242,http://www.naitoh-1.co.jp/,ガソリンスタンド,
ガスト毛呂山店,350-0451,埼玉県,入間郡毛呂山町,大字毛呂本郷5-1,049-276-1030,N.A.,http://www.skylark.co.jp/,レストラン,
カーホスピタルUNIT,350-0438,埼玉県,入間郡毛呂山町,大字西戸646-7,049-294-1100,049-294-1100,http://www.unit-saitama.jp/,車検・整備・修理,
埼玉医科大学／医学部／教務課,350-0451,埼玉県,入間郡毛呂山町,大字毛呂本郷38,049-276-1108,N.A.,http://www.saitama-med.ac.jp/,小・中・高・大学等,
埼玉医科大学／医学部／学生課,350-0451,埼玉県,入間郡毛呂山町,大字毛呂本郷38,049-276-1109,N.A.,http://www.saitama-med.ac.jp/,小・中・高・大学等,
埼玉医科大学／医学部／庶務課,350-0451,埼玉県,入間郡毛呂山町,大字毛呂本郷38,049-276-1110,N.A.,http://www.saitama-med.ac.jp/,小・中・高・大学等,
埼玉医科大学病院／電話番号案内,350-0451,埼玉県,入間郡毛呂山町,大字毛呂本郷38,049-276-1111,049-276-1454,http://www.saitama-med.ac.jp/,総合病院,
埼玉医科大学病院／医務部／外来会計,350-0451,埼玉県,入間郡毛呂山町,大字毛呂本郷38,049-276-1125,N.A.,http://www.saitama-med.ac.jp/,総合病院,
埼玉医科大学病院／医務部／初診受付,350-0451,埼玉県,入間郡毛呂山町,大字毛呂本郷38,049-276-1127,N.A.,http://www.saitama-med.ac.jp/,総合病院,
埼玉医科大学病院／医務部／15番窓口,350-0451,埼玉県,入間郡毛呂山町,大字毛呂本郷38,049-276-1128,N.A.,http://www.saitama-med.ac.jp/,総合病院,
埼玉医科大学病院／医務部／入退院窓口,350-0451,埼玉県,入間郡毛呂山町,大字毛呂本郷38,049-276-1129,N.A.,http://www.saitama-med.ac.jp/,総合病院,
埼玉医科大学病院／神経精神科／センター受付,350-0451,埼玉県,入間郡毛呂山町,大字毛呂本郷38,049-276-1131,N.A.,http://www.saitama-med.ac.jp/,総合病院,
埼玉医科大学病院／訪問看護ステーション,350-0451,埼玉県,入間郡毛呂山町,大字毛呂本郷38,049-276-1135,049-295-6653,http://www.saitama-med.ac.jp/,総合病院,
埼玉医科大学病院／外来診察室／東洋医学科,350-0451,埼玉県,入間郡毛呂山町,大字毛呂本郷38,049-276-1193,N.A.,http://www.saitama-med.ac.jp/,総合病院,
埼玉医科大学病院／外来診察室／呼吸器病センター・呼吸器内科,350-0451,埼玉県,入間郡毛呂山町,大字毛呂本郷38,049-276-1197,049-276-1278,http://www.saitama-med.ac.jp/,総合病院,
埼玉医科大学病院／外来診察室／内視鏡センター,350-0451,埼玉県,入間郡毛呂山町,大字毛呂本郷38,049-276-1201,N.A.,http://www.saitama-med.ac.jp/,総合病院,
埼玉平成高等学校,350-0434,埼玉県,入間郡毛呂山町,大字市場333,049-295-1212,049-294-4555,http://www.saitamaheisei.ed.jp/,小・中・高・大学等,
三和タジマ株式会社埼玉工場,350-0436,埼玉県,入間郡毛呂山町,大字川角484,049-294-1221,049-276-1053,http://www.tajima-st.co.jp/,製造・加工（金属製品）,
武蔵野霊園,350-0464,埼玉県,入間郡毛呂山町,南台3丁目1-4,049-294-1251,049-294-9162,http://www.musashinoreien.co.jp/,葬儀,
埼玉医科大学病院／外来診察室／リウマチ・膠原病科,350-0451,埼玉県,入間郡毛呂山町,大字毛呂本郷38,049-276-1278,049-276-1278,http://www.saitama-med.ac.jp/,総合病院,
埼玉医科大学病院／外来診察室／消化器一般外科・呼吸器外科・小児外科・乳腺腫瘍科,350-0451,埼玉県,入間郡毛呂山町,大字毛呂本郷38,049-276-1286,N.A.,http://www.saitama-med.ac.jp/,総合病院,
埼玉医科大学病院／外来診察室／脳神経外科,350-0451,埼玉県,入間郡毛呂山町,大字毛呂本郷38,049-276-1287,049-276-1286,http://www.saitama-med.ac.jp/,総合病院,
埼玉医科大学病院／外来診察室／泌尿器科,350-0451,埼玉県,入間郡毛呂山町,大字毛呂本郷38,049-276-1290,N.A.,http://www.saitama-med.ac.jp/,総合病院,
埼玉医科大学病院／外来診察室／神経耳科,350-0451,埼玉県,入間郡毛呂山町,大字毛呂本郷38,049-276-1291,N.A.,http://www.saitama-med.ac.jp/,総合病院,
埼玉医科大学病院／外来診察室／皮膚科,350-0451,埼玉県,入間郡毛呂山町,大字毛呂本郷38,049-276-1292,049-295-6104,http://www.saitama-med.ac.jp/,総合病院,
埼玉医科大学病院／外来診察室／リハビリテーション科,350-0451,埼玉県,入間郡毛呂山町,大字毛呂本郷38,049-276-1293,N.A.,http://www.saitama-med.ac.jp/,総合病院,
埼玉医科大学病院／外来診察室／眼科,350-0451,埼玉県,入間郡毛呂山町,大字毛呂本郷38,049-276-1295,N.A.,http://www.saitama-med.ac.jp/,総合病院,
埼玉医科大学病院／外来診察室／耳鼻咽喉科,350-0451,埼玉県,入間郡毛呂山町,大字毛呂本郷38,049-276-1296,049-295-8061,http://www.saitama-med.ac.jp/,総合病院,
埼玉医科大学病院／外来診察室／産婦人科,350-0451,埼玉県,入間郡毛呂山町,大字毛呂本郷38,049-276-1297,049-294-8305,http://www.saitama-med.ac.jp/,総合病院,
埼玉医科大学病院／外来診察室／放射線科,350-0451,埼玉県,入間郡毛呂山町,大字毛呂本郷38,049-276-1298,N.A.,http://www.saitama-med.ac.jp/,総合病院,
埼玉医科大学病院／外来診察室／麻酔科,350-0451,埼玉県,入間郡毛呂山町,大字毛呂本郷38,049-276-1306,N.A.,http://www.saitama-med.ac.jp/,総合病院,
埼玉医科大学病院／外来診察室／心臓病センター,350-0451,埼玉県,入間郡毛呂山町,大字毛呂本郷38,049-276-1310,N.A.,http://www.saitama-med.ac.jp/,総合病院,
埼玉医科大学病院／病棟／南館10階病棟,350-0451,埼玉県,入間郡毛呂山町,大字毛呂本郷38,049-276-1313,N.A.,http://www.saitama-med.ac.jp/,総合病院,
埼玉医科大学病院／病棟／南館7階病棟,350-0451,埼玉県,入間郡毛呂山町,大字毛呂本郷38,049-276-1315,N.A.,http://www.saitama-med.ac.jp/,総合病院,
埼玉医科大学病院／病棟／CICU,350-0451,埼玉県,入間郡毛呂山町,大字毛呂本郷38,049-276-1316,N.A.,http://www.saitama-med.ac.jp/,総合病院,
埼玉医科大学病院／病棟／南館11階病棟,350-0451,埼玉県,入間郡毛呂山町,大字毛呂本郷38,049-276-1318,N.A.,http://www.saitama-med.ac.jp/,総合病院,
埼玉医科大学病院／病棟／南館8階病棟,350-0451,埼玉県,入間郡毛呂山町,大字毛呂本郷38,049-276-1320,N.A.,http://www.saitama-med.ac.jp/,総合病院,
埼玉医科大学病院／病棟／南館9階病棟,350-0451,埼玉県,入間郡毛呂山町,大字毛呂本郷38,049-276-1322,049-294-9752,http://www.saitama-med.ac.jp/,総合病院,
埼玉医科大学病院／病棟／南館6階病棟,350-0451,埼玉県,入間郡毛呂山町,大字毛呂本郷38,049-276-1325,N.A.,http://www.saitama-med.ac.jp/,総合病院,
埼玉医科大学病院／病棟／本館9階病棟,350-0451,埼玉県,入間郡毛呂山町,大字毛呂本郷38,049-276-1327,N.A.,http://www.saitama-med.ac.jp/,総合病院,
埼玉医科大学病院／病棟／未熟児センター,350-0451,埼玉県,入間郡毛呂山町,大字毛呂本郷38,049-276-1328,N.A.,http://www.saitama-med.ac.jp/,総合病院,
埼玉医科大学病院／病棟／本館7階病棟,350-0451,埼玉県,入間郡毛呂山町,大字毛呂本郷38,049-276-1329,N.A.,http://www.saitama-med.ac.jp/,総合病院,
埼玉医科大学病院／病棟／南館4階病棟,350-0451,埼玉県,入間郡毛呂山町,大字毛呂本郷38,049-276-1331,N.A.,http://www.saitama-med.ac.jp/,総合病院,
埼玉医科大学病院／病棟／南館5階病棟,350-0451,埼玉県,入間郡毛呂山町,大字毛呂本郷38,049-276-1333,N.A.,http://www.saitama-med.ac.jp/,総合病院,
埼玉医科大学病院／病棟／本館8階病棟,350-0451,埼玉県,入間郡毛呂山町,大字毛呂本郷38,049-276-1336,N.A.,http://www.saitama-med.ac.jp/,総合病院,
埼玉医科大学病院／病棟／本館11階病棟,350-0451,埼玉県,入間郡毛呂山町,大字毛呂本郷38,049-276-1337,N.A.,http://www.saitama-med.ac.jp/,総合病院,
埼玉医科大学病院／病棟／第二ビル5階病棟,350-0451,埼玉県,入間郡毛呂山町,大字毛呂本郷38,049-276-1338,N.A.,http://www.saitama-med.ac.jp/,総合病院,
埼玉医科大学病院／病棟／本館10階病棟,350-0451,埼玉県,入間郡毛呂山町,大字毛呂本郷38,049-276-1342,N.A.,http://www.saitama-med.ac.jp/,総合病院,
埼玉医科大学病院／病棟／南館2階病棟,350-0451,埼玉県,入間郡毛呂山町,大字毛呂本郷38,049-276-1343,N.A.,http://www.saitama-med.ac.jp/,総合病院,
埼玉医科大学病院／病棟／南館3階病棟,350-0451,埼玉県,入間郡毛呂山町,大字毛呂本郷38,049-276-1346,N.A.,http://www.saitama-med.ac.jp/,総合病院,
埼玉医科大学病院／病棟／中央病棟2階病棟,350-0451,埼玉県,入間郡毛呂山町,大字毛呂本郷38,049-276-1348,N.A.,http://www.saitama-med.ac.jp/,総合病院,
埼玉医科大学病院／神経精神科病棟／精神科センター3階,350-0451,埼玉県,入間郡毛呂山町,大字毛呂本郷38,049-276-1350,N.A.,http://www.saitama-med.ac.jp/,総合病院,
埼玉医科大学病院／神経精神科病棟／精神科センター4階,350-0451,埼玉県,入間郡毛呂山町,大字毛呂本郷38,049-276-1351,N.A.,http://www.saitama-med.ac.jp/,総合病院,
埼玉医科大学病院／神経精神科病棟／精神科センター5階,350-0451,埼玉県,入間郡毛呂山町,大字毛呂本郷38,049-276-1352,N.A.,http://www.saitama-med.ac.jp/,総合病院,
埼玉医科大学病院／神経精神科病棟／精神科センター6階,350-0451,埼玉県,入間郡毛呂山町,大字毛呂本郷38,049-276-1353,N.A.,http://www.saitama-med.ac.jp/,総合病院,
埼玉医科大学病院／病棟／第一ビル2階病棟,350-0451,埼玉県,入間郡毛呂山町,大字毛呂本郷38,049-276-1355,N.A.,http://www.saitama-med.ac.jp/,総合病院,
社会福祉法人毛呂病院／重症心身障害児施設／第一光の家,350-0451,埼玉県,入間郡毛呂山町,大字毛呂本郷38,049-276-1357,049-295-5103,http://park2.wakwak.com/,医院・診療所・療養所,
埼玉医科大学／附属図書館,350-0451,埼玉県,入間郡毛呂山町,大字毛呂本郷38,049-276-1416,049-295-9071,http://www.saitama-med.ac.jp/,小・中・高・大学等,
埼玉医科大学病院／薬剤部,350-0451,埼玉県,入間郡毛呂山町,大字毛呂本郷38,049-276-1452,N.A.,http://www.saitama-med.ac.jp/,総合病院,
埼玉医科大学病院／栄養部,350-0451,埼玉県,入間郡毛呂山町,大字毛呂本郷38,049-276-1457,049-294-9629,http://www.saitama-med.ac.jp/,総合病院,
埼玉医科大学病院／救急部受付,350-0451,埼玉県,入間郡毛呂山町,大字毛呂本郷38,049-276-1464,042-982-5551,http://www.saitama-med.ac.jp/,総合病院,
埼玉医科大学病院／外来診察室／救急部,350-0451,埼玉県,入間郡毛呂山町,大字毛呂本郷38,049-276-1465,N.A.,http://www.saitama-med.ac.jp/,総合病院,
毛呂病院看護専門学校／第二学科,350-0451,埼玉県,入間郡毛呂山町,大字毛呂本郷38,049-276-1469,049-276-2058,http://www.moro-nurs-col.ac.jp/,専修学校,
埼玉医科大学病院／外来診察室／臓器移植センター,350-0451,埼玉県,入間郡毛呂山町,大字毛呂本郷38,049-276-1480,N.A.,http://www.saitama-med.ac.jp/,総合病院,
埼玉医科大学／短期大学,350-0451,埼玉県,入間郡毛呂山町,大字毛呂本郷38,049-276-1513,049-294-8604,http://www.saitama-med.ac.jp/,小・中・高・大学等,
毛呂山町商工会,350-0465,埼玉県,入間郡毛呂山町,岩井西4丁目6-16,049-294-1545,049-294-1557,http://www.moronet.com/,組合・団体,
埼玉医科大学病院／看護部事務室,350-0451,埼玉県,入間郡毛呂山町,大字毛呂本郷38,049-276-1555,049-276-2118,http://www.saitama-med.ac.jp/,総合病院,
株式会社新和製作所,350-0445,埼玉県,入間郡毛呂山町,葛貫433-11,049-295-1565,049-295-1779,http://www.shinwa-products.com/,販売・卸（工作機械・一般機械器具）,
埼玉医科大学病院／外来診察室／腎臓病センター,350-0451,埼玉県,入間郡毛呂山町,大字毛呂本郷38,049-276-1612,049-295-7338,http://www.saitama-med.ac.jp/,総合病院,
A&C株式会社,350-0436,埼玉県,入間郡毛呂山町,大字川角211,049-292-1697,049-292-1698,https://aaci.co.jp/,IT・情報通信,
カービューティプロ・セキグチ,350-0437,埼玉県,入間郡毛呂山町,大字箕和田103,049-294-1716,049-294-1860,http://www.cbp.co.jp/,洗車・コーティング,
株式会社荻野工務店,350-0433,埼玉県,入間郡毛呂山町,西大久保12,049-294-1741,049-294-0250,http://www.08aromahouse.co.jp/,建設業・工務店,
鈴木指圧院,350-0444,埼玉県,入間郡毛呂山町,大字旭台61-2,049-294-1797,049-294-1797,http://suzukisiatuin.la.coocan.jp/,あん摩・はり・きゅう,
公文教育研究会毛呂本郷教室,350-0446,埼玉県,入間郡毛呂山町,大字小田谷231-6,049-295-1844,N.A.,http://www.kumon.ne.jp/,塾・予備校,
ハッピーカット美容室,350-0443,埼玉県,入間郡毛呂山町,大字長瀬860-10,049-276-1888,N.A.,http://www.happycut.com/,趣味,
マクドナルド／埼玉医大病院店,350-0451,埼玉県,入間郡毛呂山町,大字毛呂本郷38,049-276-1902,049-276-1902,http://www.mcdonalds.co.jp/,ファーストフード,
株式会社ヤマニ,350-0465,埼玉県,入間郡毛呂山町,岩井西2-11-4,049-294-2007,049-295-1630,http://www.kk-yamani.com/,不動産,
埼玉医科大学病院／中央検査部,350-0451,埼玉県,入間郡毛呂山町,大字毛呂本郷38,049-276-2035,042-982-5551,http://www.saitama-med.ac.jp/,総合病院,
毛呂病院看護専門学校／事務室,350-0451,埼玉県,入間郡毛呂山町,大字毛呂本郷38,049-276-2055,049-276-2058,http://www.moro-nurs-col.ac.jp/,専修学校,
毛呂山町役場,350-0461,埼玉県,入間郡毛呂山町,中央2丁目1,049-295-2112,049-295-0771,http://www.town.moroyama.saitama.jp/www/index.html,市区町村機関,
埼玉縣信用金庫／毛呂山支店,350-0451,埼玉県,入間郡毛呂山町,大字毛呂本郷1576,049-294-2121,N.A.,http://www.saishin.co.jp/kojin/,金融・郵貯・貸金,
東武鉄道株式会社／東毛呂駅,350-0467,埼玉県,入間郡毛呂山町,岩井東2丁目1-1,049-294-2129,N.A.,http://www.tobu.co.jp/,交通機関,
文光堂埼玉医大店,350-0451,埼玉県,入間郡毛呂山町,大字毛呂本郷38,049-295-2170,049-295-2170,https://www.bunkodo.jp/,本,
相生産業株式会社,350-0461,埼玉県,入間郡毛呂山町,中央4-22-3,049-295-2191,049-295-5718,http://www.a101.jp/,食料品,
ローソン毛呂山箕和田店,350-0437,埼玉県,入間郡毛呂山町,大字箕和田99,049-294-2211,N.A.,http://www.lawson.co.jp/,コンビニ・スーパー・デパート,
ながせ幼稚園,350-0442,埼玉県,入間郡毛呂山町,大字前久保497,049-294-2243,049-294-9860,http://www.ANS.CO.jp/,幼稚園・保育施設,
城西大学薬局,350-0435,埼玉県,入間郡毛呂山町,大字下川原909,049-294-2296,049-294-2296,http://www.for-better-campus.com/,薬,
ローソン毛呂山長瀬店,350-0461,埼玉県,入間郡毛呂山町,中央2丁目30-12,049-294-2298,049-294-2298,http://www.lawson.co.jp/,コンビニ・スーパー・デパート,
ドラッグストアセキ武州長瀬店,350-0462,埼玉県,入間郡毛呂山町,若山1丁目6-13,049-276-2300,049-276-2300,http://www.sekiyakuhin.co.jp/,薬,
ゲオ毛呂山店,350-0461,埼玉県,入間郡毛呂山町,中央2丁目30-8,049-276-2500,049-276-2501,https://geo-online.co.jp/maintenance/index.html,賃貸・レンタル,
夢庵／毛呂山店,350-0436,埼玉県,入間郡毛呂山町,大字川角1-1,049-295-2541,N.A.,http://www.skylark.co.jp/,レストラン,
みつばち,350-0463,埼玉県,入間郡毛呂山町,前久保南3丁目36-6,049-295-2569,049-294-8988,http://www.mitsubachi-co.com/,プレイスポット,
貴族の森毛呂山店,350-0436,埼玉県,入間郡毛呂山町,大字川角1173-1,049-294-2612,049-294-2612,http://www.kizokunomori.jp/,レストラン,
セブンオート,350-0463,埼玉県,入間郡毛呂山町,前久保南4丁目24-3,049-295-2615,049-294-606,http://www.goobike.com/,バイク中古・買取,
有限会社五十五製作所,350-0445,埼玉県,入間郡毛呂山町,葛貫1056-3,049-295-3003,049-295-3014,http://www.isogomfg.co.jp/,製造・加工（電子・精密機械器具）,
JAいるま野／毛呂山農産物直売所,350-0465,埼玉県,入間郡毛呂山町,岩井西2丁目23-1,049-295-3008,049-295-7968,http://www.ja-irumano.or.jp/,組合・団体,
武蔵野霊園／白峯墓地管理事務所,350-0464,埼玉県,入間郡毛呂山町,南台3丁目1-4,049-294-3019,049-294-9162,http://www.musashinoreien.co.jp/,葬儀,
フラワー・ハタ長瀬店,350-0443,埼玉県,入間郡毛呂山町,大字長瀬927,049-295-3082,0492-95-3082,http://www.fujitv-flower.net/,ガーデニング,
株式会社保険ステーション埼玉西支店,350-0461,埼玉県,入間郡毛呂山町,中央3丁目16-8,049-294-3110,03-5217-5595,http://www.hoken-station.co.jp/,証券・保険・商品先物,
金沢不動産株式会社,350-0463,埼玉県,入間郡毛呂山町,前久保南3-36-13,049-294-3111,049-294-6601,http://www.moroyama.biz/,不動産,
毛呂山町社会福祉協議会,350-0465,埼玉県,入間郡毛呂山町,岩井西5丁目16-1,049-295-3111,049-295-7258,http://www.moroyama-shakyo.or.jp/,映画・劇場・会館,
おしゃれ工房いなげや毛呂店,350-0465,埼玉県,入間郡毛呂山町,岩井西2丁目14-6,049-295-3130,N.A.,http://oshare-koubou.co.jp/,衣類のリフォーム,
有限会社ケイアールケイ精密,N.A.,埼玉県,入間郡毛呂山町,西戸764-3,049-276-3131,049-276-3262,http://www.gem.hi-ho.ne.jp/,製造・加工（工作機械・一般機械器具）,
トーゼミ毛呂山校,350-0461,埼玉県,入間郡毛呂山町,中央4丁目7-2,049-295-3208,N.A.,http://www.tozemi.co.jp/,塾・予備校,
双龍,350-0436,埼玉県,入間郡毛呂山町,大字川角2121-1,049-295-3241,N.A.,http://souryu.jimdo.com/,中華・中国料理,
有限会社石嶺工務店,350-0435,埼玉県,入間郡毛呂山町,下川原497-1,049-294-3299,049-294-3298,http://isimine-ecobuild.com/,建設業・工務店,
小峰美容室,350-0467,埼玉県,入間郡毛呂山町,岩井東1丁目10-4,049-295-3336,N.A.,http://kandk-salon.com/,貸衣裳,
株式会社大越製作所,350-0433,埼玉県,入間郡毛呂山町,西大久保750-2,049-295-3356,049-294-6436,http://www.okoshi-mfg.co.jp/,製造・加工（医療・薬関連）,
ごりら整骨院,350-0463,埼玉県,入間郡毛呂山町,前久保南3丁目22-6,049-294-3401,042-982-5551,http://www.chiryoin.net/,整体等各種療術,
日本キリスト教団毛呂教会,350-0451,埼玉県,入間郡毛呂山町,大字毛呂本郷1507,049-294-3444,049-294-3444,http://www.morochurch.com/,宗教,
株式会社佐藤工務店,350-0465,埼玉県,入間郡毛呂山町,岩井西2-22-15,049-294-3502,049-294-5944,http://sato-koumuten.jp/,総合・職別工事業,
OUTFOX,350-0442,埼玉県,入間郡毛呂山町,大字前久保628-9,049-294-3613,03-4496-4470,http://www.outfox.jp/,広告・マーケティング,
100円ショップキャンドゥライフ毛呂山店,350-0465,埼玉県,入間郡毛呂山町,岩井西3丁目12-34,049-294-4008,03-5331-5501,http://www.cando-web.co.jp/,生活用品,
株式会社アドバン,350-0456,埼玉県,入間郡毛呂山町,滝ノ入27,049-294-4056,049-294-4014,http://advan-c.com/,製造・加工（工作機械・一般機械器具）,
財団法人新しき村美術館,350-0445,埼玉県,入間郡毛呂山町,大字葛貫423,049-295-4081,049-295-4081,http://www.atarashiki-mura.or.jp/,博物館・美術館,
株式会社ビコー,350-0445,埼玉県,入間郡毛呂山町,葛貫700,049-295-4131,049-295-4745,http://biko-gr.com/,ビルメンテナンス,
株式会社弓田工務店,350-0436,埼玉県,入間郡毛呂山町,大字川角134-15,049-294-4141,N.A.,http://www.yumita-koumuten.com/,総合・職別工事業,
はなまる薬局毛呂山店,350-0461,埼玉県,入間郡毛呂山町,中央2丁目3-1,049-294-4193,049-294-5661,http://www.ainj.co.jp/,薬,
株式会社ヤオコー長瀬店,350-0461,埼玉県,入間郡毛呂山町,中央4丁目10-9,049-294-4300,049-294-8874,http://www.yaoko-net.com/,コンビニ・スーパー・デパート,
西入間広域消防組合消防本部／テレホンサービス,350-0441,埼玉県,入間郡毛呂山町,大字岩井2451,049-295-4333,N.A.,http://www.119nishiiruma.jp/,消防・警察,
有限会社安川商事,350-0442,埼玉県,入間郡毛呂山町,大字前久保378,049-294-4411,049-294-1415,http://www.yasukawashoji.co.jp/,住まいのクリーニング,
飯能信用金庫／毛呂山支店,350-0465,埼玉県,入間郡毛呂山町,岩井西2丁目20-4,049-294-4455,N.A.,http://www.hanno-shinkin.jp/index.shtml,金融・郵貯・貸金,
株式会社地研コンサルタンツ,350-0436,埼玉県,入間郡毛呂山町,川角164-5,049-295-4490,N.A.,http://www.chikencon.co.jp/,印刷・出版,
株式会社すまいのマルコウ,350-0464,埼玉県,入間郡毛呂山町,南台5丁目2-2-101,049-294-4556,049-294-6106,http://www.marukou.co.jp/,不動産,
ドックランもろやま,350-0442,埼玉県,入間郡毛呂山町,大字前久保325-2,049-295-4611,049-295-4611,http://www.silver-justice.com/,ペット美容室,
日本ソナテスト株式会社,350-0463,埼玉県,入間郡毛呂山町,前久保南4-25-13,049-295-4817,049-295-4815,http://www.ait-ultrasonic.jp/,製造・加工（電子・精密機械器具）,
マミー,350-0462,埼玉県,入間郡毛呂山町,若山1丁目5-10,049-295-4878,N.A.,http://www.morinaga-mammy.com/,レストラン,
福島鉄工,350-0435,埼玉県,入間郡毛呂山町,大字下川原867-2,049-294-4994,049-295-6181,http://fukushimasteel.web.fc2.com/,総合・職別工事業,
手織教室はたおと,350-0445,埼玉県,入間郡毛呂山町,大字葛貫122-2,049-295-5018,049-295-5018,http://www.hataoto.com/,裁縫・手芸,
毛呂山メタルテック株式会社,350-0445,埼玉県,入間郡毛呂山町,大字葛貫433-1,049-276-5151,049-294-8810,http://www.morotec.co.jp/,製造・加工（金属製品）,
巽や,350-0451,埼玉県,入間郡毛呂山町,大字毛呂本郷1604-1,049-295-5155,N.A.,http://www.route254.com/,ラーメン,
ゆずの木台クリニック,350-0461,埼玉県,入間郡毛呂山町,中央2丁目5-5,049-295-5158,049-295-5160,http://moroyamaogose.medi-association.jp/,眼科,
有限会社ケイアールケイ精密,350-0438,埼玉県,入間郡毛呂山町,西戸761,049-295-5168,049-276-3262,http://www.gem.hi-ho.ne.jp/,製造・加工（工作機械・一般機械器具）,
特別養護老人ホームななふく苑,350-0433,埼玉県,入間郡毛呂山町,大字西大久保766-1,049-276-5311,049-276-5315,http://www.donguri.or.jp/,介護・福祉,
株式会社アサクラ,350-0433,埼玉県,入間郡毛呂山町,大字西大久保443-7,049-295-5317,049-276-1094,http://www.asakura-inc.co.jp/,生活用品,
山ちゃん,350-0451,埼玉県,入間郡毛呂山町,大字毛呂本郷52,049-294-5348,N.A.,http://www.yamachan.co.jp/,たこ焼き・お好み焼き,
ドゥフェース／長瀬店,350-0461,埼玉県,入間郡毛呂山町,中央4丁目10-9,049-294-5440,049-294-5440,http://www.visionaliam.com/,美容院・理容店・毛髪業,
マツモトキヨシドラックストア毛呂山店,350-0451,埼玉県,入間郡毛呂山町,大字毛呂本郷293-1,049-295-5500,N.A.,https://www.matsukiyo.co.jp/store/online,薬,
日本調剤埼玉日高薬局,350-0445,埼玉県,入間郡毛呂山町,大字葛貫1078-1,049-276-5511,049-294-7724,http://www.nicho.co.jp/,薬,
ミニストップ埼玉平成高校前店,350-0434,埼玉県,入間郡毛呂山町,大字市場323,049-294-5523,N.A.,http://www.ministop.co.jp/,コンビニ・スーパー・デパート,
日本調剤毛呂薬局,350-0451,埼玉県,入間郡毛呂山町,大字毛呂本郷40-1,049-276-5550,049-294-8677,http://www.nicho.co.jp/,薬,
城西大学硬式野球場,350-0433,埼玉県,入間郡毛呂山町,大字西大久保62-25,049-276-5570,049-295-5751,http://www.josai.ac.jp/,スポーツ施設,
ヘアーサロンあらい,350-0436,埼玉県,入間郡毛呂山町,大字川角1276-6,049-298-5588,049-298-5588,http://www.hairsalon-arai.com/,美容院・理容店・毛髪業,
ビッグ・エー／毛呂山長瀬店,350-0461,埼玉県,入間郡毛呂山町,中央2丁目3-5,049-294-5807,N.A.,http://www.biga.co.jp/,コンビニ・スーパー・デパート,
有限会社和建築工房,350-0436,埼玉県,入間郡毛呂山町,川角1140-2,049-295-5949,049-294-9378,http://www.kazukenchiku.co.jp/,リフォーム,
ほか弁日本亭長瀬店,350-0461,埼玉県,入間郡毛呂山町,中央4丁目23-6,049-295-6022,049-295-6022,http://www.nihontei.co.jp/,弁当・宅配,
ザ・ダイソー100YENPLAZAいなげや毛呂店,350-0465,埼玉県,入間郡毛呂山町,岩井西2丁目14-6,049-276-6043,N.A.,http://www.daiso-sangyo.co.jp/,生活用品,
ブックオフ埼玉毛呂店,350-0465,埼玉県,入間郡毛呂山町,岩井西2丁目14-6,049-295-6071,N.A.,http://www.bookoff.co.jp/,本,
川角歯科医院,350-0436,埼玉県,入間郡毛呂山町,大字川角463-1,049-294-6107,N.A.,http://kawakadosikaiinn.jp/,歯科系,
株式会社中央流通研究所,350-0433,埼玉県,入間郡毛呂山町,大字西大久保字中通518番地,049-294-6188,049-294-7084,http://crk.jp/,運送・貨物・倉庫,
ゆずの里ケーブルテレビ株式会社,350-0441,埼玉県,入間郡毛呂山町,大字岩井635-1,049-276-6300,049-276-6311,http://www.yuzu-tv.ne.jp/,映画・放送・新聞,
株式会社祥栄,350-0463,埼玉県,入間郡毛呂山町,前久保南1丁目32-2,049-295-6300,049-295-1107,http://www.shouei-co.info/,不動産,
田島歯科口腔外科クリニック,350-0451,埼玉県,入間郡毛呂山町,大字毛呂本郷194,049-294-6480,049-295-2661,http://www.tajimadental.jp/,歯科系,
セーブオン／毛呂山川角店,350-0436,埼玉県,入間郡毛呂山町,大字川角867-1,049-276-6501,N.A.,http://www.saveon.co.jp/,コンビニ・スーパー・デパート,
藤和建設株式会社不動産部,350-0465,埼玉県,入間郡毛呂山町,岩井西3丁目5-6-103,049-295-6510,04-2924-8877,http://www.towa-kensetsu.jp/,不動産,
セーブオン／毛呂山西大久保店,350-0433,埼玉県,入間郡毛呂山町,大字西大久保196-1,049-276-6587,N.A.,http://www.saveon.co.jp/,コンビニ・スーパー・デパート,
株式会社関越物産,350-0434,埼玉県,入間郡毛呂山町,市場415-1,049-276-6603,049-276-6605,http://www.kan-etsu.com/,食料品,
株式会社けやき野設計夢工房,350-0435,埼玉県,入間郡毛呂山町,大字下川原911-2,049-295-6620,049-295-6439,http://www.keyakino.jp/,不動産,
株式会社オートアールズ毛呂山店,350-0442,埼玉県,入間郡毛呂山町,大字前久保879-1,049-295-6633,0495-71-8920,http://www.auto-rs.jp/,車検・整備・修理,
株式会社福祉の街／西入間営業所,350-0443,埼玉県,入間郡毛呂山町,大字長瀬720-25,049-276-6660,049-276-6661,https://www.youism.jp/,介護・福祉,
有限会社いわい医療器,350-0463,埼玉県,入間郡毛呂山町,前久保南1丁目5-10,049-276-6667,049-294-6101,http://www.iwai-iryouki.com/,製造・加工（医療・薬関連）,
代々木進学ゼミナール武州長瀬校,350-0464,埼玉県,入間郡毛呂山町,南台5丁目1-1-103,049-295-6701,N.A.,http://yoshin-zemi.com/,塾・予備校,
武蔵野ペット霊園,350-0432,埼玉県,入間郡毛呂山町,大字大類307-4,049-294-6780,049-295-5521,http://www.musashinopetreien.com/,ペット霊園・葬祭,
arrow-hair&face,350-0439,埼玉県,入間郡毛呂山町,目白台3丁目13-16,049-277-6858,N.A.,http://www.arrow2007.com/,美容院・理容店・毛髪業,
フレッシュサラダ／EMOTION,350-0465,埼玉県,入間郡毛呂山町,岩井西3丁目8-5,049-294-6869,N.A.,http://www.freshsalad.net/,趣味,
株式会社関越物産埼玉工場,350-0434,埼玉県,入間郡毛呂山町,大字市場415-1,049-294-6888,03-3952-2996,http://www.kan-etsu.com/,食料品,
株式会社関越物産,350-0434,埼玉県,入間郡毛呂山町,市場381-1,049-294-6891,049-295-1576,http://www.kan-etsu.com/,食料品,
大和フーヅ株式会社,N.A.,埼玉県,入間郡毛呂山町,中央1-2-15,049-276-6899,N.A.,http://www.ymtfds.co.jp/,レストラン,
株式会社英光毛呂山工場,350-0452,埼玉県,入間郡毛呂山町,大字大谷木52-1,049-276-7001,049-276-7023,http://www.eikou-seimitu.com/,製造・加工（金属製品）,
ドコモショップ・ライフ毛呂山店,350-0465,埼玉県,入間郡毛呂山町,岩井西3丁目12-34,049-276-7077,049-276-7078,http://www.nttdocomo.co.jp/,電話・通信,
トラブル救Q隊24,350-0441,埼玉県,入間郡毛呂山町,大字岩井918,049-295-7113,N.A.,http://www.0120999933.jp/,防犯・防火,
サンキ長瀬店,350-0461,埼玉県,入間郡毛呂山町,中央4丁目10-10,049-294-7121,04-7164-9208,http://www.fi-sanki.co.jp/,洋服,
株式会社丸善住宅販売,350-0461,埼玉県,入間郡毛呂山町,中央4丁目13-1,049-294-7161,049-294-7402,http://mjh.jp/,不動産,
川角駅前ファミリー歯科,350-0435,埼玉県,入間郡毛呂山町,下川原176-1,049-295-7171,N.A.,http://kawakadoekimae-familysika.jp/,歯科系,
毛呂山車輌,350-0443,埼玉県,入間郡毛呂山町,大字長瀬2198-1,049-294-7190,049-294-7190,http://moroyamasyaryo.com/,車検・整備・修理,
埼玉県立毛呂山養護学校,350-0436,埼玉県,入間郡毛呂山町,大字川角1024-1,049-294-7200,049-295-7981,http://www.moroyo-sh.spec.ed.jp/,特殊教育諸学校,
株式会社信濃住宅,350-0436,埼玉県,入間郡毛呂山町,川角695-10,049-276-7222,049-276-7225,http://www.sinanojutaku.co.jp/,リフォーム,
毛呂山町シルバー人材センター,350-0463,埼玉県,入間郡毛呂山町,前久保南4丁目25-32,049-294-7222,049-276-7779,http://www.silver-brain.com/,求人,
東武鉄道株式会社／川角駅,350-0435,埼玉県,入間郡毛呂山町,大字下川原293-4,049-294-7507,049-281-6896,http://www.tobu.co.jp/,交通機関,
おたか本店,350-0456,埼玉県,入間郡毛呂山町,大字滝ノ入624-1,049-294-7511,049-294-7517,http://www.otaka-udon.jp/,製造・加工（食料品）,
ライフ毛呂山店,350-0465,埼玉県,入間郡毛呂山町,岩井西3丁目12-34,049-295-7545,N.A.,http://www.lifecorp.jp/,コンビニ・スーパー・デパート,
マクドナルド毛呂山店,350-0436,埼玉県,入間郡毛呂山町,大字川角4-1,049-276-7570,049-276-7570,http://www.mcdonalds.co.jp/,ファーストフード,
株式会社埼玉りそな銀行／越生毛呂山支店,350-0461,埼玉県,入間郡毛呂山町,中央2丁目26-1,049-294-7611,N.A.,http://www.resona-gr.co.jp/,金融・郵貯・貸金,
ローソン毛呂山旭台店,350-0444,埼玉県,入間郡毛呂山町,大字旭台1-5,049-294-7704,N.A.,http://www.lawson.co.jp/,コンビニ・スーパー・デパート,
初野医院,350-0443,埼玉県,入間郡毛呂山町,大字長瀬718,049-294-7713,049-294-9222,http://moroyamaogose.medi-association.jp/,内科系,
ほっともっと毛呂山町店,350-0461,埼玉県,入間郡毛呂山町,中央1丁目1-3,049-276-7756,N.A.,http://www.hottomotto.com/,弁当・宅配,
大海軒,350-0451,埼玉県,入間郡毛呂山町,大字毛呂本郷657-5,049-294-7777,049-294-5556,http://taikaiken.jp/,ラーメン,
株式会社ベルク毛呂山店,350-0451,埼玉県,入間郡毛呂山町,大字毛呂本郷293-1,049-276-7800,049-276-7801,http://www.belc.jp/,コンビニ・スーパー・デパート,
カラオケ本舗まねきねこ毛呂山店,350-0451,埼玉県,入間郡毛呂山町,大字毛呂本郷248,049-276-7881,049-276-7881,http://www.karaokemanekineko.jp/,プレイスポット,
ピザーラ毛呂山店,350-0464,埼玉県,入間郡毛呂山町,南台5丁目2-3,049-295-7900,N.A.,http://www.pizza-la.co.jp/,弁当・宅配,
埼玉平成中学校,350-0435,埼玉県,入間郡毛呂山町,大字下川原375-2,049-294-8080,049-294-8050,http://www.saitamaheisei.ed.jp/,小・中・高・大学等,
キノシタ楽器ヤマハ長瀬ミュージックセンター,350-0461,埼玉県,入間郡毛呂山町,中央4丁目11-21,049-294-8144,N.A.,https://jp.yamaha.com/,音楽,
東武鉄道株式会社／武州長瀬駅,350-0443,埼玉県,入間郡毛呂山町,大字長瀬917-1,049-294-8228,N.A.,http://www.tobu.co.jp/,交通機関,
回転寿し活鮮毛呂山店,350-0442,埼玉県,入間郡毛呂山町,大字前久保109-1,049-295-8238,049-295-8230,http://www.katusen.com/,中華・中国料理,
つじのりす工房,350-0464,埼玉県,入間郡毛呂山町,南台5丁目35-31,049-295-8274,03-3391-6274,http://tsuji-a.com/,製造・加工（食料品）,
株式会社祥栄／毛呂店,350-0451,埼玉県,入間郡毛呂山町,大字毛呂本郷1199-1,049-294-8388,049-295-1107,http://www.shouei-co.info/,不動産,
サンデンタルクリニック,350-0451,埼玉県,入間郡毛呂山町,毛呂本郷1003,049-295-8393,049-294-5554,http://サンデンタルクリニック.jp/,歯科系,
うぽぽデザイン工房,350-0461,埼玉県,入間郡毛呂山町,中央2丁目18-12,049-295-8420,N.A.,http://www.upopo-g.com/,ガーデニング,
菊地アカデミー,350-0465,埼玉県,入間郡毛呂山町,岩井西4丁目8-1,049-294-8577,N.A.,http://kikuaca.web.fc2.com/,塾・予備校,
いしおか整骨院,350-0463,埼玉県,入間郡毛呂山町,前久保南4丁目33-18,049-295-8588,N.A.,http://www.hauolipjt.jp/,整体等各種療術,
ココロのオフィス和み,350-0461,埼玉県,入間郡毛呂山町,中央4丁目17-17-303,049-295-8761,049-295-8761,http://www.nagonde.net/,整体等各種療術,
有限会社都典礼,350-0465,埼玉県,入間郡毛呂山町,岩井西5丁目5-20,049-295-8770,049-295-8432,http://www.miyakotenrei.co.jp/,葬儀,
第一プラザ／武州長瀬店,350-0462,埼玉県,入間郡毛呂山町,若山1丁目1-7,049-294-8866,N.A.,http://www.daiichi-plaza.com/,屋内遊戯,
一進ゼミナール東毛呂校,350-0461,埼玉県,入間郡毛呂山町,中央1丁目13-2,049-295-8998,049-295-8998,http://ichi-shin.info/,塾・予備校,
日本医療科学大学,350-0435,埼玉県,入間郡毛呂山町,大字下川原1276,049-294-9000,049-286-4477,http://www.nims.ac.jp/wp/,小・中・高・大学等,
埼玉縣信用金庫／長瀬支店,350-0464,埼玉県,入間郡毛呂山町,南台5丁目1-5,049-295-9011,N.A.,http://www.saishin.co.jp/kojin/,金融・郵貯・貸金,
GOTIC,350-0451,埼玉県,入間郡毛呂山町,大字毛呂本郷5-1,049-292-9043,049-292-9048,https://sv60.wadax.ne.jp/~gotic-jp/,組合・団体,
デイリーケアセイジョー毛呂山長瀬店,350-0465,埼玉県,入間郡毛呂山町,岩井西4丁目11-9,049-294-9055,049-294-9055,https://www.cocokarafine.co.jp/top/CSfCustomerTop.jsp,薬,
セブンイレブン／入間毛呂山店,350-0451,埼玉県,入間郡毛呂山町,大字毛呂本郷244-8,049-295-9099,N.A.,http://www.sej.co.jp/,コンビニ・スーパー・デパート,
明光義塾武州長瀬教室,350-0461,埼玉県,入間郡毛呂山町,中央4丁目10-6,049-295-9250,049-295-9250,http://www.meikogijuku.jp/,塾・予備校,
ふれあいの里どんぐり,350-0433,埼玉県,入間郡毛呂山町,大字西大久保695-2,049-295-9321,049-295-9322,http://www.donguri.or.jp/,介護・福祉,
毛呂山・越生・鳩山公共下水道組合,350-0436,埼玉県,入間郡毛呂山町,川角1510,049-294-9333,049-294-9321,http://www.mohgesuidou.or.jp/,水道・ガス・電力,
埼玉県作業療法士会（一般社団法人）,350-0435,埼玉県,入間郡毛呂山町,大字下川原912-5,049-294-9900,049-294-9900,https://www.ot-saitama.or.jp/,組合・団体,
