▼本法人データはリストスが提供しています。
https://listoss.com/
▼1件10円！お問い合わせフォーム送信代行。
https://ftj-g.co.jp/form/
▼御社のテレアポ代行します。
https://ftj-g.co.jp/

会社名,郵便番号,都道府県,市区町村,住所,電話番号,FAX番号,出典URL,カテゴリ
岩見沢市有明交流プラザ管理事務室,068-0034,北海道,岩見沢市,有明町南1-1,0126-31-0002,N.A.,http://www.city.iwamizawa.hokkaido.jp/,市区町村機関,
空知総合振興局／地域政策部／総務課／総務係,068-0028,北海道,岩見沢市,8条西5丁目1-3,0126-20-0010,0126-25-5588,http://www.sorachi.pref.hokkaido.lg.jp/,都道府県機関,
岩見沢道新文化センター,068-0024,北海道,岩見沢市,4条西3丁目1,0126-24-0012,N.A.,http://www.doshin-cc.com/,裁縫・手芸,
空知総合振興局／地域政策部／総務課／パスポート窓口・岩見沢市有明交流プラザ,068-0028,北海道,岩見沢市,8条西5丁目1-3,0126-20-0012,N.A.,http://www.sorachi.pref.hokkaido.lg.jp/,都道府県機関,
いわみざわ農協／本所／地域農業振興センター,068-0058,北海道,岩見沢市,桜木1条1丁目,0126-22-0017,0126-24-7357,http://www.ja-iwamizawa.or.jp/,組合・団体,
空知総合振興局／地域政策部／総務課／経理審査係,068-0028,北海道,岩見沢市,8条西5丁目1-3,0126-20-0020,N.A.,http://www.sorachi.pref.hokkaido.lg.jp/,都道府県機関,
空知総合振興局／地域政策部／総務課／出納に関すること,068-0028,北海道,岩見沢市,8条西5丁目1-3,0126-20-0021,N.A.,http://www.sorachi.pref.hokkaido.lg.jp/,都道府県機関,
空知総合振興局／地域政策部／総務課／需品に関すること,068-0028,北海道,岩見沢市,8条西5丁目1-3,0126-20-0022,N.A.,http://www.sorachi.pref.hokkaido.lg.jp/,都道府県機関,
空知総合振興局／地域政策部／総務課／公共工事の入札・資格審査,068-0028,北海道,岩見沢市,8条西5丁目1-3,0126-20-0023,N.A.,http://www.sorachi.pref.hokkaido.lg.jp/,都道府県機関,
空知総合振興局／地域政策部／地域政策課／地域政策係,068-0028,北海道,岩見沢市,8条西5丁目1-3,0126-20-0030,0126-25-8144,http://www.sorachi.pref.hokkaido.lg.jp/,都道府県機関,
空知総合振興局／地域政策部／地域政策課／統計担当,068-0028,北海道,岩見沢市,8条西5丁目1-3,0126-20-0032,N.A.,http://www.sorachi.pref.hokkaido.lg.jp/,都道府県機関,
空知総合振興局／地域政策部／地域政策課／消防・防災担当,068-0028,北海道,岩見沢市,8条西5丁目1-3,0126-20-0033,N.A.,http://www.sorachi.pref.hokkaido.lg.jp/,都道府県機関,
空知総合振興局／地域政策部／地域政策課／地域政策担当,068-0028,北海道,岩見沢市,8条西5丁目1-3,0126-20-0034,0126-25-8144,http://www.sorachi.pref.hokkaido.lg.jp/,都道府県機関,
光陵中学校／職員室,068-0827,北海道,岩見沢市,春日町1丁目10-37,0126-22-0037,0126-22-3372,http://www2.city.iwamizawa.hokkaido.jp/,小・中・高・大学等,
さんぱちラーメン岩見沢店,068-0854,北海道,岩見沢市,大和4条7丁目17-1,0126-25-0038,0126-25-0039,http://www.sanpachi.co.jp/,ラーメン,
空知総合振興局／保健環境部／環境生活課／自然環境係,068-0028,北海道,岩見沢市,8条西5丁目1-3,0126-20-0043,N.A.,http://www.sorachi.pref.hokkaido.lg.jp/,都道府県機関,
空知総合振興局／保健環境部／環境生活課／交通安全に関すること,068-0028,北海道,岩見沢市,8条西5丁目1-3,0126-20-0044,N.A.,http://www.sorachi.pref.hokkaido.lg.jp/,都道府県機関,
空知総合振興局／保健環境部／環境生活課／飼養動物に関すること,068-0028,北海道,岩見沢市,8条西5丁目1-3,0126-20-0045,0126-22-3621,http://www.sorachi.pref.hokkaido.lg.jp/,都道府県機関,
空知総合振興局／地域政策部／課税課／事業税間税係／事業税に関すること,068-0028,北海道,岩見沢市,8条西5丁目1-3,0126-20-0050,N.A.,http://www.sorachi.pref.hokkaido.lg.jp/,都道府県機関,
株式会社ツルハツルハドラッグ／岩見沢大和店,068-0851,北海道,岩見沢市,大和1条8丁目3-1,0126-32-0051,0126-32-0051,http://www.tsuruha.co.jp/,美容・コスメ,
空知総合振興局／地域政策部／課税課／不動産取得税係,068-0028,北海道,岩見沢市,8条西5丁目1-3,0126-20-0052,N.A.,http://www.sorachi.pref.hokkaido.lg.jp/,都道府県機関,
空知総合振興局／地域政策部／課税課／事業税間税係／間税に関すること,068-0028,北海道,岩見沢市,8条西5丁目1-3,0126-20-0053,N.A.,http://www.sorachi.pref.hokkaido.lg.jp/,都道府県機関,
水島薬局／東町店,068-0013,北海道,岩見沢市,東町1条8丁目932-74,0126-25-0059,0126-25-0084,http://mizushima-pharmacy.jp/,薬,
フジカラープラザ／コープさっぽろ東店,068-0005,北海道,岩見沢市,5条東12丁目8,0126-24-0065,0126-24-0065,http://www.fujicolor-plaza.com/,生活用品,
空知総合振興局／札幌建設管理部／建設行政室建設指導課／土木係,068-0028,北海道,岩見沢市,8条西5丁目1-3,0126-20-0066,0126-23-2253,http://www.sorachi.pref.hokkaido.lg.jp/,都道府県機関,
空知総合振興局／札幌建設管理部／建設行政室建設指導課／建築住宅係,068-0028,北海道,岩見沢市,8条西5丁目1-3,0126-20-0067,011-561-7150,http://www.sorachi.pref.hokkaido.lg.jp/,都道府県機関,
空知総合振興局／札幌建設管理部／建設行政室建設指導課／道営住宅に関すること,068-0028,北海道,岩見沢市,8条西5丁目1-3,0126-20-0068,N.A.,http://www.sorachi.pref.hokkaido.lg.jp/,都道府県機関,
空知総合振興局／札幌建設管理部／建設行政室建設指導課／屋外広告物に関すること,068-0028,北海道,岩見沢市,8条西5丁目1-3,0126-20-0069,N.A.,http://www.sorachi.pref.hokkaido.lg.jp/,都道府県機関,
カイロチェック,068-0021,北海道,岩見沢市,1条西4丁目1-2,0126-24-0073,N.A.,http://www3.plala.or.jp/,整体等各種療術,
アベイル岩見沢店,068-0030,北海道,岩見沢市,10条西18丁目7-1,0126-32-0077,N.A.,http://www.shimamura.gr.jp/,洋服,
道央興産株式会社,068-0824,北海道,岩見沢市,日の出北1-6-18,0126-24-0077,0126-25-5161,http://www.dououkousan.co.jp/,設備工事業,
日本物理探鑛株式会社,068-0045,北海道,岩見沢市,北5条西15丁目2番4号,0126-31-0085,0126-31-0086,http://www.n-buturi.co.jp/,印刷・出版,
空知総合振興局／産業振興部／調整課／地域計画に関すること,068-0028,北海道,岩見沢市,8条西5丁目1-3,0126-20-0092,N.A.,http://www.sorachi.pref.hokkaido.lg.jp/,N.A.,
株式会社トヨタレンタリース札幌岩見沢店,068-0004,北海道,岩見沢市,4条東14丁目5,0126-23-0100,0126-22-7910,http://www.toyotarentacar.net/,リース・レンタル,
株式会社ラルズビッグハウス岩見沢店,068-0851,北海道,岩見沢市,大和1-9-1-1,0126-32-0100,0126-20-0660,http://www.arcs-g.co.jp/,コンビニ・スーパー・デパート,
空知総合振興局／保健環境部／保健行政室・岩見沢保健所／企画総務課／企画調整係,068-0028,北海道,岩見沢市,8条西5丁目1-3,0126-20-0100,0126-22-2514,http://www.sorachi.pref.hokkaido.lg.jp/,都道府県機関,
北大学力増進会,068-0024,北海道,岩見沢市,4条西3丁目2-1,0126-22-0100,N.A.,http://www.shingakukai.co.jp/,塾・予備校,
岩見沢市役所／経済部中心市街地活性化推進室,068-0024,北海道,岩見沢市,4条西3丁目1,0126-31-0101,0126-24-2000,http://www.city.iwamizawa.hokkaido.jp/,市区町村機関,
空知総合振興局／保健環境部／社会福祉課／地域福祉係,068-0028,北海道,岩見沢市,8条西5丁目1-3,0126-20-0105,N.A.,http://www.sorachi.pref.hokkaido.lg.jp/,都道府県機関,
空知総合振興局／保健環境部／社会福祉課／保護第一係,068-0028,北海道,岩見沢市,8条西5丁目1-3,0126-20-0106,N.A.,http://www.sorachi.pref.hokkaido.lg.jp/,都道府県機関,
空知総合振興局／保健環境部／社会福祉課／保護第二係,068-0028,北海道,岩見沢市,8条西5丁目1-3,0126-20-0107,N.A.,http://www.sorachi.pref.hokkaido.lg.jp/,都道府県機関,
空知総合振興局／保健環境部／社会福祉課／保険指導係,068-0028,北海道,岩見沢市,8条西5丁目1-3,0126-20-0109,N.A.,http://www.sorachi.pref.hokkaido.lg.jp/,都道府県機関,
栄建設株式会社,079-0181,北海道,岩見沢市,岡山町18-9,0126-23-0110,0126-32-3331,http://www.sakae-con.net/,総合・職別工事業,
空知総合振興局／保健環境部／社会福祉課／施設整備に関すること,068-0028,北海道,岩見沢市,8条西5丁目1-3,0126-20-0110,N.A.,http://www.sorachi.pref.hokkaido.lg.jp/,都道府県機関,
オートバックス岩見沢店,068-0852,北海道,岩見沢市,大和2条8丁目1-10,0126-22-0111,0126-22-0111,http://www.autobacs.com/,車検・整備・修理,
カギの119番.アーケル・ロック有限会社,068-0824,北海道,岩見沢市,日の出北1丁目2-17,0126-23-0119,0126-22-0334,http://www.kagi119.com/,防犯・防火,
空知総合振興局／保健環境部／保健行政室・岩見沢保健所／子ども・健康推進課／子ども未来係,068-0028,北海道,岩見沢市,8条西5丁目1-3,0126-20-0120,N.A.,http://www.sorachi.pref.hokkaido.lg.jp/,都道府県機関,
北海道新聞岩見沢総局,068-0024,北海道,岩見沢市,4条西1丁目2-5,0126-22-0120,0126-23-8602,http://kk.hokkaido-np.co.jp/,映画・放送・新聞,
空知総合振興局／保健環境部／保健行政室・岩見沢保健所／子ども・健康推進課／精神保健福祉係,068-0028,北海道,岩見沢市,8条西5丁目1-3,0126-20-0121,0126-22-2514,http://www.sorachi.pref.hokkaido.lg.jp/,都道府県機関,
札樽自動車運輸株式会社岩見沢事業部,068-0015,北海道,岩見沢市,東町247,0126-22-0122,N.A.,http://www.sasson.co.jp/,運送・貨物・倉庫,
空知総合振興局／保健環境部／保健行政室・岩見沢保健所／生活衛生課／食品保健係,068-0028,北海道,岩見沢市,8条西5丁目1-3,0126-20-0126,N.A.,http://www.sorachi.pref.hokkaido.lg.jp/,都道府県機関,
空知総合振興局／保健環境部／保健行政室・岩見沢保健所／試験検査課／理化学検査係・生物検査係,068-0028,北海道,岩見沢市,8条西5丁目1-3,0126-20-0129,N.A.,http://www.sorachi.pref.hokkaido.lg.jp/,都道府県機関,
空知総合振興局／空知教育局／企画総務課／総務係・主査地域政策,068-0028,北海道,岩見沢市,8条西5丁目1-3,0126-20-0130,0126-24-9530,http://www.sorachi.pref.hokkaido.lg.jp/,都道府県機関,
空知総合振興局／空知教育局／企画総務課／経理学校管理係,068-0028,北海道,岩見沢市,8条西5丁目1-3,0126-20-0132,N.A.,http://www.sorachi.pref.hokkaido.lg.jp/,都道府県機関,
空知総合振興局／空知教育局／企画総務課／教職員係,068-0028,北海道,岩見沢市,8条西5丁目1-3,0126-20-0133,N.A.,http://www.sorachi.pref.hokkaido.lg.jp/,都道府県機関,
空知総合振興局／空知教育局／教育支援課／教育支援係・主査研修,068-0028,北海道,岩見沢市,8条西5丁目1-3,0126-20-0135,N.A.,http://www.sorachi.pref.hokkaido.lg.jp/,都道府県機関,
空知総合振興局／空知教育局／教育支援課／主査・社会教育,068-0028,北海道,岩見沢市,8条西5丁目1-3,0126-20-0136,N.A.,http://www.sorachi.pref.hokkaido.lg.jp/,都道府県機関,
空知総合振興局／空知教育局／教育支援課／義務教育指導班,068-0028,北海道,岩見沢市,8条西5丁目1-3,0126-20-0137,N.A.,http://www.sorachi.pref.hokkaido.lg.jp/,都道府県機関,
空知総合振興局／空知教育局／教育支援課／高等学校教育指導班,068-0028,北海道,岩見沢市,8条西5丁目1-3,0126-20-0138,N.A.,http://www.sorachi.pref.hokkaido.lg.jp/,都道府県機関,
くどう矯正歯科,068-0022,北海道,岩見沢市,二条西5-6-2,0126-22-0139,N.A.,http://www17.plala.or.jp/,医院・診療所・療養所,
空知総合振興局／空知教育局／教育支援課／社会教育指導班,068-0028,北海道,岩見沢市,8条西5丁目1-3,0126-20-0139,0126-24-9530,http://www.sorachi.pref.hokkaido.lg.jp/,都道府県機関,
空知総合振興局／空知教育局／道立学校運営支援室／室長,068-0028,北海道,岩見沢市,8条西5丁目1-3,0126-20-0141,N.A.,http://www.sorachi.pref.hokkaido.lg.jp/,都道府県機関,
空知総合振興局／空知教育局／道立学校運営支援室／主査（契約）,068-0028,北海道,岩見沢市,8条西5丁目1-3,0126-20-0142,N.A.,http://www.sorachi.pref.hokkaido.lg.jp/,都道府県機関,
空知総合振興局／空知教育局／道立学校運営支援室／主査（経理）,068-0028,北海道,岩見沢市,8条西5丁目1-3,0126-20-0143,N.A.,http://www.sorachi.pref.hokkaido.lg.jp/,都道府県機関,
松浦建設株式会社,068-0851,北海道,岩見沢市,大和1条4-25-1,0126-22-0144,0126-25-6618,http://www.matsuura-kensetsu.co.jp/,総合・職別工事業,
空知総合振興局／地域政策部／総務課／課長,068-0028,北海道,岩見沢市,8条西5丁目1-3,0126-20-0156,N.A.,http://www.sorachi.pref.hokkaido.lg.jp/,都道府県機関,
益村測量設計株式会社,068-0822,北海道,岩見沢市,日の出台1丁目2-15,0126-32-0158,0126-32-0158,http://www.masumura.co.jp/,印刷・出版,
空知総合振興局／地域政策部／地域政策課／課長,068-0028,北海道,岩見沢市,8条西5丁目1-3,0126-20-0159,N.A.,http://www.sorachi.pref.hokkaido.lg.jp/,都道府県機関,
空知総合振興局／保健環境部／環境生活課／課長,068-0028,北海道,岩見沢市,8条西5丁目1-3,0126-20-0160,N.A.,http://www.sorachi.pref.hokkaido.lg.jp/,都道府県機関,
空知総合振興局／地域政策部／課税課／課長,068-0028,北海道,岩見沢市,8条西5丁目1-3,0126-20-0161,N.A.,http://www.sorachi.pref.hokkaido.lg.jp/,都道府県機関,
空知総合振興局／札幌建設管理部／建設行政室建設指導課／課長,068-0028,北海道,岩見沢市,8条西5丁目1-3,0126-20-0164,N.A.,http://www.sorachi.pref.hokkaido.lg.jp/,都道府県機関,
空知総合振興局／保健環境部／保健行政室・岩見沢保健所／子ども・健康推進課／主幹,068-0028,北海道,岩見沢市,8条西5丁目1-3,0126-20-0174,N.A.,http://www.sorachi.pref.hokkaido.lg.jp/,都道府県機関,
岩見沢東高校／事務室,068-0820,北海道,岩見沢市,東山8丁目1-1,0126-22-0175,0126-22-6883,http://www.iwamizawahigashi.hokkaido-c.ed.jp/,小・中・高・大学等,
空知総合振興局／保健環境部／保健行政室・岩見沢保健所／子ども・健康推進課／課長,068-0028,北海道,岩見沢市,8条西5丁目1-3,0126-20-0175,N.A.,http://www.sorachi.pref.hokkaido.lg.jp/,都道府県機関,
空知総合振興局／保健環境部／保健行政室・岩見沢保健所／試験検査課／課長,068-0028,北海道,岩見沢市,8条西5丁目1-3,0126-20-0177,N.A.,http://www.sorachi.pref.hokkaido.lg.jp/,都道府県機関,
岩見沢神社,068-0032,北海道,岩見沢市,12条西1丁目3,0126-22-0180,0126-23-6955,http://www.hokkaidojinjacho.jp/,宗教,
空知総合振興局／空知教育局／企画総務課／課長,068-0028,北海道,岩見沢市,8条西5丁目1-3,0126-20-0180,N.A.,http://www.sorachi.pref.hokkaido.lg.jp/,都道府県機関,
空知総合振興局／空知教育局／教育支援課／課長,068-0028,北海道,岩見沢市,8条西5丁目1-3,0126-20-0182,N.A.,http://www.sorachi.pref.hokkaido.lg.jp/,都道府県機関,
空知総合振興局／福利厚生・その他団体／空知総合振興局食堂,068-0028,北海道,岩見沢市,8条西5丁目1-3,0126-20-0191,N.A.,http://www.sorachi.pref.hokkaido.lg.jp/,都道府県機関,
空知総合振興局／福利厚生・その他団体／空知総合振興局管内町村会事務局,068-0028,北海道,岩見沢市,8条西5丁目1-3,0126-20-0195,N.A.,http://www.sorachi.pref.hokkaido.lg.jp/,都道府県機関,
空知総合振興局／福利厚生・その他団体／空知地方総合開発期成会事務局,068-0028,北海道,岩見沢市,8条西5丁目1-3,0126-20-0196,N.A.,http://www.sorachi.pref.hokkaido.lg.jp/,都道府県機関,
空知総合振興局／福利厚生・その他団体／全道庁空知総支部,068-0028,北海道,岩見沢市,8条西5丁目1-3,0126-20-0197,N.A.,http://www.sorachi.pref.hokkaido.lg.jp/,都道府県機関,
空知総合振興局／福利厚生・その他団体／岩見沢地域食品衛生協会,068-0028,北海道,岩見沢市,8条西5丁目1-3,0126-20-0199,N.A.,http://www.sorachi.pref.hokkaido.lg.jp/,都道府県機関,
空知総合振興局／総合案内窓口,068-0028,北海道,岩見沢市,8条西5丁目1-3,0126-20-0200,0126-25-9712,http://www.sorachi.pref.hokkaido.lg.jp/,都道府県機関,
ペットショップワンダードック岩見沢店,068-0854,北海道,岩見沢市,大和4条8丁目1,0126-22-0202,011-211-1158,http://www.wonder-dog.com/,ペットショップ,
ミスタードーナツ／ポスフール岩見沢ショップ,068-0854,北海道,岩見沢市,大和4条8丁目1,0126-20-0202,N.A.,https://www.misterdonut.jp/noscript.html,ファーストフード,
北海道教育大学岩見沢校／へき地教育研究センター,068-0835,北海道,岩見沢市,緑が丘2丁目34,0126-32-0208,0126-32-025,http://www.hokkyodai.ac.jp/,小・中・高・大学等,
北海道教育大学岩見沢校／総務グループ,068-0835,北海道,岩見沢市,緑が丘2丁目34,0126-32-0213,0126-32-0251,http://www.hokkyodai.ac.jp/,小・中・高・大学等,
北海道教育大学岩見沢校／学務グループ,068-0835,北海道,岩見沢市,緑が丘2丁目34,0126-32-0228,0126-32-0615,http://www.hokkyodai.ac.jp/,小・中・高・大学等,
岩見沢小学校／職員室,068-0002,北海道,岩見沢市,2条東5丁目1,0126-22-0256,0126-22-2590,http://www2.city.iwamizawa.hokkaido.jp/,小・中・高・大学等,
中村よしあき建築研究所,068-0827,北海道,岩見沢市,春日町4丁目10-14,0126-23-0268,0126-23-0268,http://nykarch.pya.jp/,リフォーム,
すしおんど岩見沢店,068-0852,北海道,岩見沢市,大和2条8丁目3,0126-20-0281,N.A.,http://www.genkisushi.co.jp/,中華・中国料理,
中央小学校／職員室,068-0026,北海道,岩見沢市,6条西8丁目1,0126-22-0285,0126-22-9901,http://www2.city.iwamizawa.hokkaido.jp/,小・中・高・大学等,
医療法人社団倉増整形外科,068-0022,北海道,岩見沢市,2条西7-1-3,0126-22-0288,0126-23-0281,http://www.kuramasuseikeigeka.jp/,医院・診療所・療養所,
ベスト電器ムラタ岩見沢,068-0853,北海道,岩見沢市,大和3条6丁目20,0126-23-0290,0126-22-4427,http://www.bestdenki.ne.jp/,修理,
JR北海道／岩見沢駅／時刻・料金のご案内・JR北海道電話案内センター,068-0035,北海道,岩見沢市,有明町中央,0126-22-0292,N.A.,http://www.jrhokkaido.co.jp/,交通機関,
株式会社市川燻製屋本舗,068-0853,北海道,岩見沢市,大和3条5丁目29,0126-20-0300,0126-20-0301,http://www.ichikawakunseiyahonpo.com/,食料品,
岩見沢自動車学校,068-0828,北海道,岩見沢市,鳩が丘2丁目17-26,0126-22-0307,0126-25-2477,http://www.iwamizawa-ds.co.jp/,資格,
東光中学校／職員室,068-0005,北海道,岩見沢市,5条東14丁目1-1,0126-22-0329,0126-22-1544,http://www2.city.iwamizawa.hokkaido.jp/,小・中・高・大学等,
北海道新聞／岩見沢中部販売所,068-0025,北海道,岩見沢市,5条西16丁目,0126-22-0331,0126-24-5345,http://www.hokkaido-np.co.jp/,映画・放送・新聞,
ほくでんサービス株式会社岩見沢支店／技術課,068-0029,北海道,岩見沢市,9条西1丁目12-1,0126-24-0333,011-385-6710,http://www.hepco.co.jp/,水道・ガス・電力,
共進工業株式会社,068-0004,北海道,岩見沢市,4条東12-2-2,0126-22-0336,0126-25-4928,http://kyosin-2001.co.jp/,設備工事業,
株式会社金田設計,068-0048,北海道,岩見沢市,西川町505-8,0126-24-0345,0126-25-7057,http://www.kaneda-sekkei.com/,リフォーム,
第一小学校／職員室,068-0046,北海道,岩見沢市,緑町3丁目7-1,0126-22-0360,0126-22-5493,http://www2.city.iwamizawa.hokkaido.jp/,小・中・高・大学等,
有限会社ビデオサロン,068-0852,北海道,岩見沢市,大和2条8-1-21,0126-25-0371,0126-25-0389,http://v-salon.net/,IT・情報通信,
時計台補聴器センター岩見沢店,068-0024,北海道,岩見沢市,4条西4丁目12,0126-25-0380,0126-25-0380,http://www.d-hearing.com/,生活用品,
株式会社ほくえい,068-0042,北海道,岩見沢市,北2条西3-1-6,0126-22-0389,0126-22-0396,http://hokuei-iwamizawa.com/,燃料,
有限会社岩見沢古紙資源センター,068-0807,北海道,岩見沢市,南町7条3丁目4-1,0126-25-0391,0126-25-0391,http://www.hleplastics.com/,その他サービス,
株式会社アクティオ,093-0032,北海道,網走市,港町4-83,0152-44-0411,0152-44-0412,http://www.aktio.co.jp/,リース・レンタル,
北燃商事株式会社,068-0833,北海道,岩見沢市,志文町377-94,0126-22-0432,0126-22-0432,http://www.hokunen.jp/,その他サービス,
いわみざわ農協／本所／米穀部,068-0058,北海道,岩見沢市,桜木1条1丁目,0126-22-0435,0126-32-0125,http://www.ja-iwamizawa.or.jp/,組合・団体,
未来書房岩見沢店,068-0008,北海道,岩見沢市,8条東12丁目25-5,0126-24-0439,0126-24-0439,http://www.mirai-shobo.com/,本,
北海道新聞／岩見沢東部販売所,068-0005,北海道,岩見沢市,5条東7丁目,0126-22-0444,N.A.,http://www.hokkaido-np.co.jp/,映画・放送・新聞,
株式会社南原工務店,N.A.,北海道,岩見沢市,東町194番地,0126-23-0470,0126-23-0977,https://www.nanbara-k.jp/,建設業・工務店,
空知環境総合株式会社北海道クリーンセンター,068-0837,北海道,岩見沢市,宝水町207-1,0126-22-0478,0126-22-5270,http://www.sorachi.co.jp/,廃棄物処理,
いろはにほへと岩見沢店,068-0024,北海道,岩見沢市,4条西1丁目4-1,0126-32-0500,0126-23-0006,http://www.umai-iroha.jp/,飲み屋,
三井住建道路株式会社北海道支店空知営業所,079-0181,北海道,岩見沢市,岡山町129-22,0126-22-0501,03-3357-9077,http://www.smrc.co.jp/,総合・職別工事業,
協和不動産株式会社,068-0024,北海道,岩見沢市,4条西4-8エスエービル1F,0126-22-0505,0126-23-7510,http://kyowa-fudosan.com/,不動産,
札幌地方検察庁岩見沢支部,068-0004,北海道,岩見沢市,4条東4丁目,0126-22-0506,N.A.,http://www.kensatsu.go.jp/,官公署,
スポーツデポ岩見沢店,068-0851,北海道,岩見沢市,大和1条9丁目2,0126-20-0510,0126-20-0515,http://www.alpen-group.jp/,スポーツ用品,
岩見沢めぐみ幼稚園,068-0007,北海道,岩見沢市,7条東9丁目1,0126-22-0513,0126-25-9088,http://www.i-megumi.com/,幼稚園・保育施設,
谷本歯科医院,068-0003,北海道,岩見沢市,3条東2丁目6-3,0126-24-0513,0126-25-5757,http://www.tanimoto-dc.jp/,歯科系,
北海道スバル株式会社岩見沢店,068-0852,北海道,岩見沢市,大和2条7丁目6,0126-22-0526,011-664-7558,http://www.hokkaido-subaru.com/,車検・整備・修理,
ホワイト急便／山下米穀店,068-0027,北海道,岩見沢市,7条西11丁目6-1,0126-22-0545,0126-22-3725,http://www.yamashita-rice.com/,クリーニング,
味の素物流株式会社,068-0833,北海道,岩見沢市,志文町825番2号,0126-22-0553,N.A.,http://www.ab-kk.co.jp/,運送・貨物・倉庫,
カレーハウスCoCo壱番屋岩見沢大和タウンプラザ店,068-0851,北海道,岩見沢市,大和1条9丁目1-2,0126-31-0555,0126-31-0556,http://www.ichibanya.co.jp/,カレー,
カトリック岩見沢教会,068-0025,北海道,岩見沢市,5条西6丁目8-1,0126-22-0571,0126-22-0956,http://www.catholiciwamizawachurch.org/,宗教,
マルイチ井辺塗料興産株式会社,068-0005,北海道,岩見沢市,5条東11-36,0126-22-0579,N.A.,http://ibetoryo.com/,販売・卸（建設資材）,
Ezoya3条店,068-0023,北海道,岩見沢市,3条西4丁目6,0126-23-0594,0126-23-0694,http://ezoya.net/,レストラン,
札幌海鮮丸／岩見沢東店,068-0005,北海道,岩見沢市,5条東18丁目39-1,0126-32-0600,N.A.,http://www.kaisenmaru.co.jp/,弁当・宅配,
北海道電力株式会社岩見沢支店／停電のお問合せ／ダイヤルイン,068-0029,北海道,岩見沢市,9条西1丁目12-1,0126-22-0601,011-385-6710,http://www.hepco.co.jp/,水道・ガス・電力,
三嶋歯科医院／4条院,068-0024,北海道,岩見沢市,4条西4丁目1-1,0126-22-0608,0126-22-0689,http://m-dent.net/,歯科系,
札幌法務局岩見沢支局／人権相談,068-0034,北海道,岩見沢市,有明町南1-12,0126-22-0619,011-708-4532,http://houmukyoku.moj.go.jp/,官公署,
ネッツトヨタ札幌株式会社／U-Car四条通店,068-0005,北海道,岩見沢市,5条東11丁目7,0126-32-0655,N.A.,http://www.netz-sapporo.com/,車検・整備・修理,
緑中学校／職員室,068-0053,北海道,岩見沢市,北本町西2丁目2-1,0126-22-0669,0126-25-7143,http://www2.city.iwamizawa.hokkaido.jp/,小・中・高・大学等,
ピザ・テン・フォー岩見沢店,068-0004,北海道,岩見沢市,4条東5丁目9-1,0126-20-0679,0138-31-5559,https://www.tenfour.co.jp/,弁当・宅配,
サッポロラーメン味の時計台岩見沢店,068-0029,北海道,岩見沢市,9条西18丁目8-4,0126-32-0700,011-242-0003,http://www.ajino-tokeidai.co.jp/,ラーメン,
びっくりドンキー岩見沢店,068-0825,北海道,岩見沢市,日の出町8-22,0126-23-0700,0126-25-3355,http://www.bikkuri-donkey.com/,レストラン,
岩見沢ロータリークラブ,068-0004,北海道,岩見沢市,4条東1丁目,0126-24-0700,0126-24-0020,http://www12.plala.or.jp/,組合・団体,
セブンイレブン／岩見沢日の出町東店,068-0825,北海道,岩見沢市,日の出町24-4,0126-22-0711,N.A.,http://www.sej.co.jp/,コンビニ・スーパー・デパート,
ホテルニューカワチュウ,068-0026,北海道,岩見沢市,6条西5丁目2-1,0126-22-0755,0126-24-1805,http://www.puff.to/,ホテル・ペンション,
北海道中央バス株式会社／岩見沢ターミナル案内専用,068-0034,北海道,岩見沢市,有明町南1-20,0126-22-0761,0126-22-1591,http://www.chuo-bus.co.jp/,交通機関,
かない内科・消化器クリニック,068-0022,北海道,岩見沢市,2条西7丁目1-1,0126-22-0768,0126-25-8211,http://heiankai.com/,内科系,
クリアホテルコフレ,068-0821,北海道,岩見沢市,栄町7丁目1,0126-20-0770,N.A.,http://www.clearhotel-coffret.net/,ホテル・ペンション,
甘太郎岩見沢店,068-0024,北海道,岩見沢市,4条西1丁目4-1,0126-32-0777,0126-23-0125,http://www.amataro.jp/,飲み屋,
有限会社ダンススクールトザワ岩見沢スクール,068-0022,北海道,岩見沢市,2条西4丁目1,0126-23-0793,N.A.,http://www12.plala.or.jp/,ダンス・おどり,
春光荘,068-0827,北海道,岩見沢市,春日町2丁目7-20,0126-25-0808,N.A.,http://www17.plala.or.jp/,不動産,
有限会社介護ケア道央,068-0854,北海道,岩見沢市,大和4条4丁目1-4,0126-32-0808,0126-32-0809,http://www.tokkyu-group.jp/,介護・福祉,
アースサポート岩見沢,068-0043,北海道,岩見沢市,北3条西11丁目1-32,0126-20-0811,0126-20-0810,http://www.earthsupport.co.jp/,介護・福祉,
パソコン教室コスモス,068-0030,北海道,岩見沢市,10条西3丁目3-1,0126-32-0811,0126-32-1888,http://www.i-cosmos.co.jp/,資格,
医療法人鍵谷歯科医院,068-0025,北海道,岩見沢市,5条西3-2-7カギヤビル2F,0126-22-0830,N.A.,http://www.kagiya-shika.com/,医院・診療所・療養所,
JR北海道／岩見沢駅／旅行申込み・指定券予約・旅行プラン・忘れ物,068-0034,北海道,岩見沢市,有明町南,0126-22-0831,N.A.,http://www.jrhokkaido.co.jp/,交通機関,
岩見沢公益社／メモリアルホール,068-0002,北海道,岩見沢市,2条東17丁目3,0126-32-0878,0126-23-0878,http://www.kouekisya.com/,葬儀,
岩見沢公益社／本社,068-0004,北海道,岩見沢市,4条東14丁目1,0126-22-0878,0126-23-0878,http://www.kouekisya.com/,葬儀,
株式会社オピス,093-0012,北海道,網走市,南二条西5-1-1,0152-61-0880,0152-61-0880,http://kk-ops.co.jp/,不動産・賃貸,
下宿東山,068-0820,北海道,岩見沢市,東山3丁目4-4,0126-24-0885,N.A.,http://www.gesyuku.net/,不動産,
株式会社ミツウロコ岩見沢店,068-0054,北海道,岩見沢市,元町1条東5丁目10-2,0126-22-0911,0126-24-7547,http://www.mitsuuroko.co.jp/,水道・ガス・電力,
北興不動産株式会社,068-0024,北海道,岩見沢市,4条西5-4-1,0126-22-0917,0126-22-9238,http://www.hokkofudosan.co.jp/,不動産,
岩見沢市役所／東山公園弓道場,068-0000,北海道,岩見沢市,総合公園,0126-23-0925,N.A.,http://www.city.iwamizawa.hokkaido.jp/,市区町村機関,
宇宙軒,068-0006,北海道,岩見沢市,6条東13丁目1-5,0126-25-0969,0126-25-0969,http://uchuuken.blog45.fc2.com/,ラーメン,
水島薬局／6条店,068-0026,北海道,岩見沢市,6条西1丁目7-3,0126-25-0980,0126-23-9663,http://mizushima-pharmacy.jp/,薬,
はまなすアート&ミュージックプロダクション（特定非営利活動法人）,068-0833,北海道,岩見沢市,志文町809-1,0126-32-1000,0126-32-1002,http://www.hamanasuart.com/,組合・団体,
医療法人萌佑会岩見沢脳神経外科,068-0028,北海道,岩見沢市,八条西19-8-6,0126-20-1001,N.A.,http://www.iwamizawanouge.com/,医院・診療所・療養所,
陸上自衛隊岩見沢駐屯地,068-0822,北海道,岩見沢市,日の出台4丁目313,0126-22-1001,N.A.,http://www.mod.go.jp/,官公署,
岩見沢温泉なごみ,068-0833,北海道,岩見沢市,志文町345-4,0126-32-1010,0126-32-1020,http://nagomi-onsen.jp/,観光・温泉・銭湯,
東小学校／職員室,068-0014,北海道,岩見沢市,東町2条7丁目977-5,0126-22-1018,0126-23-4567,http://www2.city.iwamizawa.hokkaido.jp/,小・中・高・大学等,
有限会社ミート清水,068-0023,北海道,岩見沢市,3条西1-6,0126-22-1020,0126-24-9489,http://298meatshop.jimdo.com/,食料品,
株式会社モリタン岩見沢支店,068-0833,北海道,岩見沢市,志文町825,0126-22-1021,0126-22-3933,http://www.moritan.co.jp/,製造・加工（食料品）,
みその保育園,068-0814,北海道,岩見沢市,美園4条3丁目2-18,0126-22-1027,0126-22-1027,http://www.misonohoikuen.jp/,幼稚園・保育施設,
北海道労働金庫岩見沢支店,068-0024,北海道,岩見沢市,4条西6丁目8-2,0126-22-1035,N.A.,http://www.rokin-hokkaido.or.jp/,金融・郵貯・貸金,
株式会社北洋銀行／岩見沢中央支店,068-0024,北海道,岩見沢市,4条西6丁目12-1,0126-22-1050,0126-25-2313,http://www.hokuyobank.co.jp/,金融・郵貯・貸金,
株式会社北洋銀行／岩見沢ローンプラザ,068-0024,北海道,岩見沢市,4条西6丁目12-1,0126-22-1060,N.A.,http://www.hokuyobank.co.jp/,金融・郵貯・貸金,
京阪セロファン株式会社／北海道工場,068-0015,北海道,岩見沢市,東町276-1,0126-24-1075,0126-24-0185,http://www.keihan-c.co.jp/,製造・加工（化学・プラスチック）,
空知信用金庫／本部／財団事務局,068-0023,北海道,岩見沢市,3条西6丁目2-1,0126-23-1077,0126-25-5870,http://www.shinkin.co.jp/,金融・郵貯・貸金,
真山動物病院,068-0028,北海道,岩見沢市,8条西18丁目24,0126-25-1103,N.A.,http://mayama-vet.com/,動物病院・獣医師,
クピド・フェア,068-0833,北海道,岩見沢市,志文町301,0126-23-1111,0126-22-5638,http://www.cupid.or.jp/,介護・福祉,
株式会社タイガーカワシマ北海道営業所,068-0833,北海道,岩見沢市,志文町354,0126-32-1112,0126-32-1113,http://www.tiger-k.co.jp/,農業,
クピド・フェア／K・P’96,068-0833,北海道,岩見沢市,志文町301,0126-23-1113,0126-64-2731,http://www.cupid.or.jp/,介護・福祉,
空知総合振興局／保健環境部／保健行政室・岩見沢保健所／児童相談室・岩見沢児童相談所,068-0828,北海道,岩見沢市,鳩が丘1丁目9-16,0126-22-1119,011-631-4154,http://www.ishikari.pref.hokkaido.lg.jp/,都道府県機関,
牛角岩見沢店,068-0024,北海道,岩見沢市,4条西1丁目,0126-24-1129,0126-62-7287,http://www.hokuyu-const.co.jp/,レストラン,
株式会社ネクスコ・エンジニアリング北海道,068-0834,北海道,岩見沢市,駒園8丁目8-1,0126-25-1138,0126-22-8073,http://www.e-nexco-engiho.co.jp/,印刷・出版,
空知信用金庫／本店／総合受付,068-0023,北海道,岩見沢市,3条西6丁目2-1,0126-22-1150,0126-22-4103,http://www.shinkin.co.jp/,金融・郵貯・貸金,
空知信用金庫／本店／渉外担当,068-0023,北海道,岩見沢市,3条西6丁目2-1,0126-22-1153,N.A.,http://www.shinkin.co.jp/,金融・郵貯・貸金,
岩見沢学習指導会・教大前教室,068-0827,北海道,岩見沢市,春日町1丁目10-1,0126-35-1155,0126-35-1155,http://sidoukai.com/,塾・予備校,
空知総合振興局／空知総合振興局森林室,068-0042,北海道,岩見沢市,北2条西12丁目1-7,0126-22-1155,0126-22-1186,http://www.sorachi.pref.hokkaido.lg.jp/,都道府県機関,
空知信用金庫／本部／経理証券部,068-0023,北海道,岩見沢市,3条西6丁目2-1,0126-24-1161,N.A.,http://www.shinkin.co.jp/,金融・郵貯・貸金,
空知信用金庫／本部／総務部,068-0023,北海道,岩見沢市,3条西6丁目2-1,0126-24-1165,N.A.,http://www.shinkin.co.jp/,金融・郵貯・貸金,
えぞ屋,068-0024,北海道,岩見沢市,4条西5丁目1,0126-25-1166,N.A.,http://ezoya.net/,飲み屋,
フィール,068-0024,北海道,岩見沢市,4条西3丁目2,0126-23-1175,0126-23-1175,http://feel-corp.jp/,洋服,
さいとう歯科クリニック,068-0013,北海道,岩見沢市,東町1条8丁目932-73,0126-35-1180,0126-35-1181,http://saitodental2009.com/,歯科系,
空知信用金庫／本部／事務部,068-0023,北海道,岩見沢市,3条西6丁目2-1,0126-24-1183,N.A.,http://www.shinkin.co.jp/,金融・郵貯・貸金,
本間歯科医院,068-0025,北海道,岩見沢市,5条西5丁目,0126-22-1192,0126-22-1192,http://honma-k-dental.com/,歯科系,
有限会社インベスト,068-0853,北海道,岩見沢市,大和3条4丁目14-4,0126-32-1212,0126-32-1222,http://www.inbest.co.jp/,証券・保険・商品先物,
健友接骨院,068-0025,北海道,岩見沢市,5条西15丁目2-6,0126-25-1214,N.A.,http://www.kenkotsu.net/,整体等各種療術,
いわみざわ農協／幌向支所／資材幌向店,069-0371,北海道,岩見沢市,幌向南1条2丁目,0126-26-1220,0126-24-7357,http://www.ja-iwamizawa.or.jp/,組合・団体,
株式会社マルキチ,093-0053,北海道,網走市,北三条東2-5-2,0152-43-1234,0152-45-1801,http://www.marukichi-inc.co.jp/,製造・加工（食料品）,
相川建設株式会社,068-0001,北海道,岩見沢市,1条東5-3,0126-22-1243,0126-22-1226,http://www.ganken.jp/,リフォーム,
株式会社農協観光岩見沢支店,068-0025,北海道,岩見沢市,5条西5丁目2-1,0126-22-1263,N.A.,http://www.ntour.jp/,旅行業・代理店,
株式会社野村仏檀店,068-0022,北海道,岩見沢市,2条西5丁目14-1,0126-22-1277,0126-25-1833,http://www.nomura-butsudan.jp/,仏壇・仏具・神具,
スープカリー木多郎,068-0006,北海道,岩見沢市,6条東14丁目6-4,0126-35-1300,0126-35-1300,http://www.kitaro-curry.com/,カレー,
カラダラボ,068-0005,北海道,岩見沢市,5条東15丁目33-1,0126-35-1303,0126-35-1375,http://www.karadalabo.com/,介護・福祉,
三菱ふそうトラック・バス株式会社北海道ふそう岩見沢支店,068-0852,北海道,岩見沢市,大和2条6丁目1,0126-22-1308,N.A.,https://www.mitsubishi-fuso.com/content/fuso/jp/index.html,自動車販売,
デイサービスセンターえみな,068-0808,北海道,岩見沢市,南町8条1丁目4-8,0126-20-1310,0126-32-2821,http://www.emina.co.jp/,介護・福祉,
はた形成外科クリニック,068-0022,北海道,岩見沢市,2条西6丁目3-3,0126-32-1311,0126-32-1300,http://www.hata-keiseigeka.com/,外科系,
ヴィクトリアステーション岩見沢店,068-0010,北海道,岩見沢市,10条東3丁目1-1,0126-24-1333,0126-24-1376,http://www.bigboyjapan.co.jp/,レストラン,
かとう眼科,068-0022,北海道,岩見沢市,2条西7丁目8-1,0126-20-1338,0126-20-1339,http://www.mappy-kato.com/,眼科,
岡山一,068-0051,北海道,岩見沢市,元町1条西1丁目7,0126-23-1340,0126-22-2040,http://www.ganken.jp/,総合・職別工事業,
有限会社ザ・セサミ,093-0041,北海道,網走市,桂町4丁目1-7,0152-45-1369,0152-44-5503,http://thesesame.web.fc2.com/,製造・加工（その他）,
FPオフィスライズ,068-0004,北海道,岩見沢市,4条東12丁目5-1-203,0126-35-1381,0126-35-1382,http://www.fplifeplan.com/,相談・調査,
有限会社岩見沢車輌工業,069-0376,北海道,岩見沢市,中幌向町165,0126-26-1388,0126-26-2366,http://www.iwamizawa-syaryou.jp/,車検・整備・修理,
岩見沢中央ライオンズクラブ,068-0024,北海道,岩見沢市,4条西6丁目2,0126-35-1393,0126-35-1394,http://iwamizawa-chuo-lc.org/,組合・団体,
岩見沢清丘園,068-0825,北海道,岩見沢市,日の出町604,0126-22-1398,0126-25-1096,http://www.seikyuen.jp/,介護・福祉,
いわみざわ農協／本所／美園給油所,068-0834,北海道,岩見沢市,駒園1丁目,0126-22-1419,0126-24-7357,http://www.ja-iwamizawa.or.jp/,組合・団体,
エスタニュース岩見沢,068-0025,北海道,岩見沢市,5条西10丁目1-2,0126-22-1431,0126-35-1414,http://www.esstaa.com/,広告・マーケティング,
株式会社北斗警備岩見沢営業所,068-0005,北海道,岩見沢市,5条東15丁目35,0126-35-1433,0126-35-1434,http://hokuto-seq.jp/,アウトソーシング,
株式会社創電,N.A.,北海道,岩見沢市,大和2条2丁目17番地5,0126-22-1434,0126-24-9155,http://www.e-soden.co.jp/,建設業・工務店,
岩見沢清丘園／喜地丸燻・愛輪乃庄,068-0825,北海道,岩見沢市,日の出町604-2,0126-22-1441,0126-25-1096,http://www.seikyuen.jp/,介護・福祉,
岩見沢清丘園／ワークつかさ,068-0825,北海道,岩見沢市,日の出町604-2,0126-22-1442,0126-22-1460,http://www.seikyuen.jp/,介護・福祉,
北海道教育大学岩見沢校／案内,068-0835,北海道,岩見沢市,緑が丘2丁目34,0126-22-1470,N.A.,http://www.iwa.hokkyodai.ac.jp/,小・中・高・大学等,
東京カリント株式会社,N.A.,北海道,岩見沢市,東山町263-22,0126-25-1482,N.A.,http://www.tokyokarinto.co.jp/,食料品,
シュープラザ岩見沢大和店,068-0851,北海道,岩見沢市,大和1条8丁目,0126-31-1500,0126-31-1500,http://www.chiyodagrp.co.jp/,靴・かばん・小物,
第二小学校,069-0364,北海道,岩見沢市,上幌向南3条7丁目624,0126-26-1504,0126-26-2198,http://www2.city.iwamizawa.hokkaido.jp/,小・中・高・大学等,
三光建設株式会社,068-0833,北海道,岩見沢市,志文町263-5,0126-22-1515,0126-24-3114,http://sankoukk.co.jp/,リフォーム,
日本ニューホランド株式会社岩見沢営業所,079-0181,北海道,岩見沢市,岡山町18-8,0126-25-1515,0126-25-1413,http://www.nh-hft.co.jp/,農業,
北海道中央バス株式会社／岩見沢営業所,068-0833,北海道,岩見沢市,志文町966-6,0126-22-1519,N.A.,http://www.chuo-bus.co.jp/,交通機関,
文化シヤッター株式会社／岩見沢営業所,068-0028,北海道,岩見沢市,8条西10丁目4,0126-23-1524,03-5844-7201,http://www.bunka-s.co.jp/,エクステリア,
岩見沢ホテル／5条,068-0025,北海道,岩見沢市,5条西3丁目1,0126-35-1535,0126-35-1534,http://iwamizawa-hotel.com/,ホテル・ペンション,
岩見沢北三条簡易郵便局,068-0043,北海道,岩見沢市,北3条西17丁目1-2,0126-20-1535,0126-20-1535,http://map.japanpost.jp/,金融・郵貯・貸金,
ネイチャーテクノロジー株式会社,068-0853,北海道,岩見沢市,大和3条5丁目15番地,0126-32-1563,0126-32-1730,http://www.nature-technology.com/,製造・加工（医療・薬関連）,
野崎印刷紙業株式会社／北海道工場,069-0376,北海道,岩見沢市,中幌向町100,0126-26-1596,0126-26-1841,http://www.nozakiinsatu.co.jp/,印刷・出版,
株式会社リード,068-0852,北海道,岩見沢市,大和2条7-28-7,0126-22-1600,0126-25-6346,http://www.lead1600.com/,販売・卸（建設資材）,
札幌臨床検査センター株式会社岩見沢営業所,068-0006,北海道,岩見沢市,6条東11丁目33,0126-22-1603,0126-24-7221,http://www.saturin.co.jp/,臨床検査,
九津見歯科医院,068-0024,北海道,岩見沢市,4条西6丁目2,0126-22-1625,0126-22-1625,http://kutsumi-shika.com/,歯科系,
有限会社レガン,068-0023,北海道,岩見沢市,3条西2-6-4,0126-22-1640,0126-22-7471,http://www.legan-bridal.com/,靴・かばん・小物,
岩見沢市立総合病院,068-0029,北海道,岩見沢市,9条西7丁目,0126-22-1650,0126-25-0886,http://www.iwamizawa-hospital.jp/,総合病院,
にいだ動物病院,068-0010,北海道,岩見沢市,10条東4丁目2-1,0126-35-1668,0126-35-1618,http://niida-ah.main.jp/,動物病院・獣医師,
100円ショップキャンドゥダイエー岩見沢店,068-0029,北海道,岩見沢市,9条西20丁目1-2,0126-20-1671,03-5331-5501,http://www.cando-web.co.jp/,生活用品,
フィードグローブ株式会社,068-0816,北海道,岩見沢市,美園6条7丁目4-4,0126-23-1700,N.A.,http://feedglobe.co.jp/,農業,
プロノ岩見沢店,068-0008,北海道,岩見沢市,8条東11丁目8-12,0126-32-1700,N.A.,http://www.hamure.co.jp/,制服・作業服,
有限会社ベスト北海道,068-0830,北海道,岩見沢市,若駒2丁目6-15,0126-25-1702,0126-25-1784,http://www.best-tosou.com/,リフォーム,
美園小学校／職員室,068-0815,北海道,岩見沢市,美園5条4丁目4-1,0126-23-1721,0126-25-5065,http://www2.city.iwamizawa.hokkaido.jp/,小・中・高・大学等,
有限会社藤原工産,093-0042,北海道,網走市,潮見298-11,0152-44-1740,N.A.,http://www.fk-japan.jp/,相談・調査,
有限会社グレースおか,068-0007,北海道,岩見沢市,7条東4-8-7,0126-25-1749,0126-25-1268,http://propolis110.seesaa.net/,販売・卸（食料品）,
岩見沢公証役場,068-0024,北海道,岩見沢市,4条西1丁目2-5,0126-22-1752,0126-22-1752,http://www.koshonin.gr.jp/,市区町村機関,
社会福祉法人岩見沢光明舎,068-0002,北海道,岩見沢市,2条東14-2,0126-22-1778,0126-22-5179,http://koumei2k.web.fc2.com/,介護・福祉,
有限会社佐藤重工,093-0034,北海道,網走市,つくしヶ丘4-88-288,0152-43-1809,0152-43-1809,http://sato-hi.co.jp/,総合・職別工事業,
株式会社宝水ワイナリー,068-0837,北海道,岩見沢市,宝水町364-3,0126-20-1810,0126-35-7200,http://housui-winery.co.jp/,製造・加工（食料品）,
網走地方芝生販売（協）,093-0046,北海道,網走市,新町1-7-14,0152-45-1810,0152-45-1812,http://www.shibafu.or.jp/,組合・団体,
アパマンショップ／岩見沢3条店,068-0023,北海道,岩見沢市,3条西2丁目7,0126-20-1818,0126-20-1819,http://www.apamanshop.com/,不動産,
岩見沢市役所／東山公園陸上競技場,068-0000,北海道,岩見沢市,総合公園,0126-25-1827,N.A.,http://www.city.iwamizawa.hokkaido.jp/,市区町村機関,
空知建設業協会（一般社団法人）,068-0028,北海道,岩見沢市,8条西3丁目1-2,0126-23-1836,0126-25-2459,http://www.ku-ken.net/,組合・団体,
王子チヨダコンテナー株式会社／札幌工場／資材・工程担当,068-0015,北海道,岩見沢市,東町248,0126-23-1839,N.A.,http://oji-container.co.jp/,製造・加工（木製品・紙・パルプ関連）,
エヌ・エス株式会社岩見沢営業所,068-0024,北海道,岩見沢市,4条西11丁目3-23,0126-25-1841,011-762-1811,http://ns-es.com/,ビルメンテナンス,
岩見沢緑陵高校／事務室,068-0835,北海道,岩見沢市,緑が丘74-2,0126-22-1851,0126-24-9750,http://www2.city.iwamizawa.hokkaido.jp/,小・中・高・大学等,
弓場建設株式会社,068-0834,北海道,岩見沢市,駒園3-1-1,0126-22-1898,0126-22-6645,http://you-me.co.jp/,その他サービス,
株式会社常口アトム岩見沢店,068-0024,北海道,岩見沢市,4条西4丁目5,0126-20-1902,0126-20-1903,http://www.jogjog.com/,不動産,
よいこのくに幼稚園,068-0009,北海道,岩見沢市,9条東1丁目12,0126-22-1905,N.A.,http://www.yoikonokuni.com/yoiko/index.html,幼稚園・保育施設,
北海道農業開発公社,068-0025,北海道,岩見沢市,5条西5丁目2-1,0126-23-1916,011-382-5493,http://www.adhokkaido.or.jp/,組合・団体,
株式会社藤川紙業／岩見沢営業所,079-0181,北海道,岩見沢市,岡山町18-27,0126-22-1933,03-3807-9340,http://fujikawa-shigyo.co.jp/,印刷・出版,
空知森林管理署,068-0003,北海道,岩見沢市,3条東17丁目34,0126-22-1940,0126-22-3386,http://www.rinya.maff.go.jp/,官公署,
株式会社北杜設計,093-0042,北海道,網走市,潮見171-1,0152-43-1953,0152-45-0738,http://www.hokutosekkei.com/,リフォーム,
王子チヨダコンテナー株式会社／札幌工場／出荷・倉庫,068-0015,北海道,岩見沢市,東町248,0126-23-1988,0126-23-1628,http://oji-container.co.jp/,製造・加工（木製品・紙・パルプ関連）,
有限会社松木商店,093-0131,北海道,網走市,能取港町2丁目3番地2,0152-47-2011,0152-47-1022,http://www.abashirisuisan.jp/,食料品,
株式会社三津谷建設,068-0115,北海道,岩見沢市,栗沢町最上298番地106,0126-45-2012,N.A.,http://www.ganken.jp/,印刷・出版,
株式会社網走衛生センター,099-2421,北海道,網走市,呼人174-8,0152-48-2021,0152-48-2642,http://www.eisei-center.com/,設備工事業,
北村中学校,068-1212,北海道,岩見沢市,北村中央202-4,0126-56-2021,0126-55-3120,http://www2.city.iwamizawa.hokkaido.jp/,小・中・高・大学等,
小平忠正事務所,068-0024,北海道,岩見沢市,4条西4丁目8,0126-22-2022,0126-22-2067,http://www.kodaira.info/index_0.html,組合・団体,
岩見沢警察署／北村駐在所,068-1213,北海道,岩見沢市,北村赤川512-3,0126-56-2027,N.A.,http://www.iwamizawa-syo.police.pref.hokkaido.lg.jp/,消防・警察,
株式会社大成印刷,093-0005,北海道,網走市,南五条東2-15-2,0152-43-2033,0152-43-6126,http://taiseiprint.jp/,印刷・出版,
株式会社高田メンテナンス,099-2421,北海道,網走市,呼人418,0152-48-2035,0152-48-2469,http://www.takada-maintenance.jp/,総合・職別工事業,
シンレキ工業株式会社北海道事業所,068-0111,北海道,岩見沢市,栗沢町由良244-18,0126-34-2050,0126-34-2051,http://www.shinreki.co.jp/,製造・加工（建築資材）,
空知病院,068-0851,北海道,岩見沢市,大和1条8丁目1,0126-22-2072,0126-24-9559,http://sorachi-hp.com/,精神科・心療内科,
北海電気工事株式会社岩見沢支店,068-0833,北海道,岩見沢市,志文町957-9,0126-25-2080,0126-24-7810,http://www.hokkaidenki.co.jp/,家電,
ふれあい子どもセンター,068-0820,北海道,岩見沢市,東山2丁目1-2,0126-22-2094,0126-24-1042,http://www2.city.iwamizawa.hokkaido.jp/,幼稚園・保育施設,
幌向小学校／職員室,069-0372,北海道,岩見沢市,幌向南2条1丁目180,0126-26-2100,0126-26-5207,http://www2.city.iwamizawa.hokkaido.jp/,小・中・高・大学等,
有限会社アート・クリエート,N.A.,北海道,網走市,新町2丁目4番12号,0152-45-2100,0152-45-2166,http://www.art-cr8.co.jp/,印刷・出版,
ほっともっと／岩見沢四条東店,068-0004,北海道,岩見沢市,4条東12丁目5,0126-20-2101,N.A.,http://www.hottomotto.com/,弁当・宅配,
美流渡中学校,068-3172,北海道,岩見沢市,栗沢町美流渡栄町58,0126-46-2103,0126-46-2102,http://www2.city.iwamizawa.hokkaido.jp/,小・中・高・大学等,
岩見沢市役所／来夢21,068-0125,北海道,岩見沢市,栗沢町南本町41-1-21,0126-45-2105,0126-45-2158,http://www.city.iwamizawa.hokkaido.jp/,市区町村機関,
いわみざわ農協／栗沢支所,068-0127,北海道,岩見沢市,栗沢町本町163,0126-45-2111,0126-24-7357,http://www.ja-iwamizawa.or.jp/,組合・団体,
いわみざわ農協／北村支所,068-1204,北海道,岩見沢市,北村栄町35-5,0126-56-2111,0126-24-7357,http://www.ja-iwamizawa.or.jp/,組合・団体,
いわみざわ農協／幌向支所,069-0371,北海道,岩見沢市,幌向南1条2丁目,0126-26-2111,0126-24-7357,http://www.ja-iwamizawa.or.jp/,組合・団体,
岩見沢市役所／文向台衛生センター,068-0112,北海道,岩見沢市,栗沢町上幌63,0126-44-2111,0126-44-2112,http://www.city.iwamizawa.hokkaido.jp/,市区町村機関,
サザエ食品株式会社／ポスフール岩見沢店,068-0854,北海道,岩見沢市,大和4条8丁目1,0126-24-2112,011-644-5342,http://www.sazae.co.jp/,製造・加工（食料品）,
いわみざわ農協／幌向支所／幌向給油所,069-0376,北海道,岩見沢市,中幌向町1-14,0126-26-2116,0126-24-7357,http://www.ja-iwamizawa.or.jp/,組合・団体,
洋服の青山新岩見沢店,068-0852,北海道,岩見沢市,大和2条8丁目6,0126-23-2120,0126-23-2195,http://www.aoyama-syouji.co.jp/,洋服,
あたたかい日の出ハイヤー,068-0852,北海道,岩見沢市,大和2条9丁目19-5,0126-25-2121,0126-25-5392,http://hinodetaxi.pepo.jp/,タクシー,
株式会社北見宇部,N.A.,北海道,網走市,字卯原内9番地8,0152-47-2121,0152-47-2740,http://www.kitami-ube.co.jp/,製造・加工（工作機械・一般機械器具）,
北海道グリーンランドホワイトパーク,068-0833,北海道,岩見沢市,志文町1015,0126-22-2121,0126-25-5641,http://www.mitsui-greenland.com/,屋内遊戯,
岩見沢市役所／栗沢市民センター,068-0121,北海道,岩見沢市,栗沢町北本町168-36,0126-45-2128,N.A.,http://www.city.iwamizawa.hokkaido.jp/,市区町村機関,
フラワーショップ花善,068-0817,北海道,岩見沢市,美園7条8丁目2-3,0126-23-2141,0126-25-5606,http://www.fujitv-flower.net/,ガーデニング,
株式会社中田建築設計,068-0123,北海道,岩見沢市,栗沢町東本町16,0126-45-2146,0126-34-2123,http://nakata-sekkei.com/,リフォーム,
岩見沢ガス株式会社,068-0022,北海道,岩見沢市,2条西16-1,0126-22-2158,0126-25-6390,http://www.iwagas.co.jp/,水道・ガス・電力,
北翔館,068-0030,北海道,岩見沢市,10条西21丁目2,0126-32-2177,0126-32-2150,http://www.hokushokai.or.jp/,介護・福祉,
岩見沢北翔会病院,068-0030,北海道,岩見沢市,10条西21丁目2,0126-32-2188,N.A.,http://www.hokushokai.or.jp/,外科系,
岩見沢雉ケ森カントリークラブ／冬期事務所,068-0005,北海道,岩見沢市,5条東5丁目5-2,0126-24-2200,0126-35-1019,http://www.island-golf.co.jp/kijigamori/,ゴルフ,
北村小学校,068-1212,北海道,岩見沢市,北村中央4725,0126-56-2201,0126-36-2103,http://www2.city.iwamizawa.hokkaido.jp/,小・中・高・大学等,
武部建設株式会社,068-0005,北海道,岩見沢市,5条東18丁目31,0126-22-2202,0126-22-3702,http://www.tkb2000.co.jp/,総合・職別工事業,
メープル小学校,068-0836,北海道,岩見沢市,上志文町107-1,0126-44-2205,0126-44-2519,http://www2.city.iwamizawa.hokkaido.jp/,小・中・高・大学等,
折笠建設株式会社,068-0054,北海道,岩見沢市,元町1条東5丁目10-1,0126-25-2205,N.A.,http://www.orikasa.co.jp/,建設業・工務店,
いわみざわ農協／本所／石油配送センター,068-0834,北海道,岩見沢市,駒園1丁目,0126-20-2208,0126-24-7357,http://www.ja-iwamizawa.or.jp/,組合・団体,
いわみざわ農協／本所／監査室・総合企画室・総務部,068-0022,北海道,岩見沢市,2条西1丁目,0126-25-2211,0126-24-7357,http://www.ja-iwamizawa.or.jp/,組合・団体,
開発工建株式会社,069-0381,北海道,岩見沢市,幌向北1条2丁目580番地,0126-26-2211,0126-26-3967,http://www.k-koken.co.jp/,建設業・工務店,
株式会社ビューパークエージェンシー,093-0042,北海道,網走市,潮見314-5,0152-44-2211,0152-44-2220,http://www.viewpark.x0.com/,旅館・民宿,
札幌トヨペット株式会社岩見沢店,068-0004,北海道,岩見沢市,4条東13丁目6,0126-22-2211,N.A.,http://www.sapporo-toyopet.jp/,車検・整備・修理,
北門信用金庫岩見沢支店,068-0025,北海道,岩見沢市,5条西5丁目1,0126-23-2211,0126-23-2211,http://www.shinkin.co.jp/,金融・郵貯・貸金,
本田農機工業株式会社,068-0121,北海道,岩見沢市,栗沢町北本町74,0126-45-2211,0126-45-2212,http://www.honda-nouki.com/,農業,
いわみざわ農協／本所／融資課・融資審査課,068-0022,北海道,岩見沢市,2条西1丁目,0126-25-2214,0126-24-7357,http://www.ja-iwamizawa.or.jp/,組合・団体,
いわみざわ農協／グリーンプラン,068-0022,北海道,岩見沢市,2条西1丁目,0126-25-2219,0126-25-2219,http://www.ja-iwamizawa.or.jp/,組合・団体,
パソコンレスキュー119番ファインメイク,068-0026,北海道,岩見沢市,6条西10丁目3-8,0126-20-2221,N.A.,http://finemake.net/,電話・通信,
メープルロッジ,068-3188,北海道,岩見沢市,毛陽町183-2,0126-46-2222,0126-46-2882,http://www.maplelodge.or.jp/,旅館・民宿,
いわみざわ農協／北村支所／北村自動車整備工場,068-1205,北海道,岩見沢市,北村豊里676,0126-56-2229,0126-24-7357,http://www.ja-iwamizawa.or.jp/,組合・団体,
北村温泉ナーシングホーム,068-1213,北海道,岩見沢市,北村赤川586-63,0126-56-2241,0126-55-3354,http://www.kitamura-yuai.jp/,介護・福祉,
株式会社アイックスAIX岩見沢SS,068-0853,北海道,岩見沢市,大和3条8丁目9,0126-24-2264,01372-7-2147,http://www.aix-group.co.jp/,ガソリンスタンド,
竹内内科循環器科,068-0815,北海道,岩見沢市,美園5条3丁目2-1,0126-22-2273,0126-22-5563,http://takeuchiclinic.jimdo.com/,内科系,
窪田建設株式会社,093-0041,北海道,網走市,桂町5-169-1,0152-43-2276,0152-45-0228,http://www.kubotanet.co.jp/,総合・職別工事業,
三嶋歯科医院栗沢院,068-0127,北海道,岩見沢市,栗沢町本町109,0126-45-2277,0126-45-2277,http://m-dent.net/,歯科系,
空知信用金庫／本部／経営管理部,068-0023,北海道,岩見沢市,3条西6丁目2-1,0126-22-2281,N.A.,http://www.shinkin.co.jp/,金融・郵貯・貸金,
ミルトコッペ,068-3181,北海道,岩見沢市,栗沢町美流渡南町90-1,0126-46-2288,0126-46-2288,http://www9.plala.or.jp/,食料品,
特定非営利活動法人てんTOてん,068-0809,北海道,岩見沢市,南町9条4-1-19-204,0126-35-2300,0126-35-2311,http://npo10to10.jugem.jp/,組合・団体,
北海道社会福祉事業団福祉村／デイ活動課,068-0115,北海道,岩見沢市,栗沢町最上350-1,0126-45-2300,N.A.,http://www.dofukuji.or.jp/,都道府県機関,
ドコモショップ／空知店,068-0029,北海道,岩見沢市,9条西9丁目1-4,0126-24-2311,0126-24-2311,https://www.nttdocomo.co.jp/,電話・通信,
王子製袋株式会社北海道ダンパック営業所,069-0365,北海道,岩見沢市,上幌向町559-15,0126-26-2311,0126-26-4136,http://www.ojipack.co.jp/,建材,
介護老人保健施設ゆあみーる,068-0028,北海道,岩見沢市,8条西19丁目8-1,0126-20-2311,0126-20-2312,http://iwamizawanouge.com/,介護・福祉,
株式会社ダイエー岩見沢店,068-0029,北海道,岩見沢市,9条西20丁目1,0126-23-2311,N.A.,http://www.daiei.co.jp/,コンビニ・スーパー・デパート,
極東高分子株式会社,099-2421,北海道,網走市,字呼人174-69,0152-48-2321,0152-48-2837,http://kyokutou-koubunshi.jp/,製造・加工（化学・プラスチック）,
佐々木正登司法書士事務所,068-0023,北海道,岩見沢市,3条西3丁目2-5,0126-24-2324,0126-24-2378,http://www.sihosyosi.or.jp/,士業・コンサルタント,
エコエネルギーシステム,068-0127,北海道,岩見沢市,栗沢町本町137,0126-45-2332,0126-45-2335,http://ees-system.com/,ゴミ収集・資源回収,
岩見沢ホテル／4条,068-0024,北海道,岩見沢市,4条西5丁目1,0126-25-2333,0126-24-8464,http://park6.wakwak.com/,ホテル・ペンション,
healingSALAsaron.,068-0835,北海道,岩見沢市,緑が丘4丁目221-84,0126-24-2336,N.A.,http://www13.plala.or.jp/,美容・コスメ,
ワンズショップベリージョブ,068-0027,北海道,岩見沢市,7条西8丁目33-1,0126-20-2338,0126-20-2338,http://berryjob.info/,ペット美容室,
岩見沢市立栗沢病院,068-0125,北海道,岩見沢市,栗沢町南本町30,0126-45-2351,0126-45-3441,http://kurisawa-hospital.com/,医院・診療所・療養所,
岩見沢市役所／栗沢文化センター,068-0125,北海道,岩見沢市,栗沢町南本町23-1,0126-45-2361,0126-45-4715,http://www.city.iwamizawa.hokkaido.jp/,市区町村機関,
林崎弘吉土地家屋調査士事務所,068-0027,北海道,岩見沢市,7条西3丁目22,0126-22-2365,0126-25-1647,http://www.saccho.com/,士業・コンサルタント,
北五条医院,068-0044,北海道,岩見沢市,北4条西10丁目4-7,0126-22-2377,0126-22-3118,http://www.kita5joiin.com/,内科系,
株式会社伝書鳩,093-0045,北海道,網走市,大曲1丁目13‐8,0152-61-2400,0152-61-2438,http://denshobato.com/,製造・加工（その他）,
北海土地改良区本部,068-0026,北海道,岩見沢市,6条西7丁目1,0126-22-2400,0126-22-8012,http://www.midorinet-hokkai.jp/,組合・団体,
岩見沢市役所／栗沢支所,068-0123,北海道,岩見沢市,栗沢町東本町21,0126-45-2411,0126-45-2490,http://www.city.iwamizawa.hokkaido.jp/,市区町村機関,
北燃商事株式会社岩見沢センター施設課,068-0015,北海道,岩見沢市,東町313-2,0126-24-2424,0126-23-3337,http://www.hokunen.jp/,リフォーム,
ヘアーサロンワダ,069-0373,北海道,岩見沢市,幌向南3条3丁目308-13,0126-26-2426,N.A.,http://hs-wada.net/,美容院・理容店・毛髪業,
錦工業株式会社,068-0115,北海道,岩見沢市,栗沢町最上489-1,0126-45-2433,0126-45-2235,http://www.nishiki-ind.co.jp/,製造・加工（金属製品）,
にしざわ耳鼻咽喉科,068-0027,北海道,岩見沢市,7条西6丁目9,0126-25-2438,0126-25-2434,http://www.2438-jibika.jp/,耳鼻咽喉科,
山本建業株式会社,068-1213,北海道,岩見沢市,北村赤川586-39,0126-56-2452,0126-55-3910,http://www.yamamotokengyo.co.jp/,リフォーム,
日本共産党南空知地区委員会,068-0033,北海道,岩見沢市,13条西5丁目2,0126-23-2488,0126-23-8169,http://www.jcp.or.jp/,組合・団体,
岩見沢メディカル薬局,068-0007,北海道,岩見沢市,7条東6丁目11-14,0126-24-2500,0126-24-2573,http://imm.co.jp/,薬,
岩見沢日の出保育園,068-0824,北海道,岩見沢市,日の出北1丁目7-6,0126-23-2500,0126-23-2193,http://www.hinode-hoikuen.jp/,幼稚園・保育施設,
岩見沢雉ケ森カントリークラブ,068-0836,北海道,岩見沢市,上志文町607,0126-24-2511,0126-24-2809,http://www.island-golf.co.jp/kijigamori/,ゴルフ,
岩見沢市役所／北村プール,068-1212,北海道,岩見沢市,北村中央4725,0126-56-2521,N.A.,http://www.city.iwamizawa.hokkaido.jp/,市区町村機関,
丸玉建設運輸株式会社,069-0365,北海道,岩見沢市,上幌向町575-1,0126-25-2525,0126-32-6781,http://www.tamadakk.co.jp/,鉱業,
いわみざわ農協／北村支所／北村給油所,068-1213,北海道,岩見沢市,北村赤川3563-2,0126-56-2540,0126-24-7357,http://www.ja-iwamizawa.or.jp/,組合・団体,
有限会社渡辺石材工業／本店,068-0008,北海道,岩見沢市,8条東11丁目8-20,0126-25-2545,N.A.,http://www.watanabesekizai.com/,造園,
福中建設株式会社,079-0181,北海道,岩見沢市,岡山町18番地15,0126-22-2555,0126-22-5180,http://www.ganken.jp/,建設業・工務店,
千秋庵製菓株式会社岩見沢店,068-0024,北海道,岩見沢市,4条西2丁目,0126-24-2574,011-219-2124,http://senshuan.co.jp/,お菓子・スイーツ,
ノザキデンタルオフィス,068-0824,北海道,岩見沢市,日の出北1丁目1-10,0126-25-2577,0126-25-2295,http://www.nozaki-dental.net/,歯科系,
三井住友海上火災保険株式会社岩見沢支社,068-0025,北海道,岩見沢市,5条西3丁目2-10,0126-24-2583,N.A.,http://www.ms-ins.com/,証券・保険・商品先物,
株式会社クリーンスター,N.A.,北海道,網走市,潮見7丁目,0152-45-2586,N.A.,http://www.cleanstar.jp/,その他サービス,
黒住教岩見沢教会所,068-0821,北海道,岩見沢市,栄町5丁目7-82,0126-22-2605,N.A.,http://www.kurozumikyo.com/,宗教,
ゆらら天然温泉岩見沢,069-0362,北海道,岩見沢市,上幌向南1条1丁目1196-2,0126-26-2611,0126-26-2617,http://www.iwamizawa.co.jp/,観光・温泉・銭湯,
株式会社ツルハツルハドラッグ／岩見沢店,068-0022,北海道,岩見沢市,2条西3丁目,0126-32-2626,N.A.,http://www.tsuruha.co.jp/,美容・コスメ,
株式会社杉本船具店,093-0003,北海道,網走市,南三条東3-11,0152-43-2630,0152-44-5039,http://sugisen.com/,販売・卸（一般機械）,
三和シヤッター工業株式会社岩見沢営業所,068-0853,北海道,岩見沢市,大和3条7丁目35,0126-22-2648,0126-23-8217,http://www.sanwa-ss.co.jp/,エクステリア,
シティ環境株式会社,093-0042,北海道,網走市,潮見177-32,0152-61-2663,0152-61-2664,http://city-kk.co.jp/,ゴミ収集・資源回収,
王子チヨダコンテナー株式会社／札幌工場,068-0015,北海道,岩見沢市,東町248,0126-23-2665,0126-23-0270,http://www.oji-container.co.jp/,製造・加工（木製品・紙・パルプ関連）,
王子チヨダコンテナー株式会社／札幌工場／外勤担当,068-0015,北海道,岩見沢市,東町248,0126-23-2666,N.A.,http://www.oji-container.co.jp/,製造・加工（木製品・紙・パルプ関連）,
空知商工信用組合／美園支店,068-0816,北海道,岩見沢市,美園6条7丁目6-1,0126-25-2666,0126-63-4258,http://www.sorachi.shinkumi.jp/,金融・郵貯・貸金,
光明寺本願寺派,068-0057,北海道,岩見沢市,北本町東7丁目1-1,0126-22-2677,N.A.,http://www.koumyouji.info/,宗教,
あかしや保育園,068-0003,北海道,岩見沢市,3条東18丁目,0126-24-2681,N.A.,http://www.akashiyahoikuen.jp/,幼稚園・保育施設,
岩見沢郵便局／郵便,068-0029,北海道,岩見沢市,9条西2丁目1-5,0126-32-2700,0126-22-9212,http://www.post.japanpost.jp/,金融・郵貯・貸金,
松本畜産,068-0847,北海道,岩見沢市,金子町394,0126-26-2701,N.A.,http://cute.sh/,肉料理,
金印株式会社,099-2421,北海道,網走市,呼人276番地1,0152-48-2718,N.A.,http://www.kinjirushi.co.jp/,食料品,
北海道スプリットン工業株式会社,068-0014,北海道,岩見沢市,東町2条3丁目93,0126-23-2720,0126-24-2958,http://www.h-splitton.co.jp/,製造・加工（その他）,
北海道社会福祉事業団福祉村,068-0115,北海道,岩見沢市,栗沢町最上350-1,0126-45-2721,0126-45-4614,http://www.dofukuji.or.jp/,都道府県機関,
コープさっぽろ／岩見沢南店,068-0816,北海道,岩見沢市,美園6条8丁目6-15,0126-23-2723,0126-22-9560,https://www.sapporo.coop/,食料品,
建設業労働災害防止協会,068-0025,北海道,岩見沢市,5条西3丁目2,0126-22-2738,0126-25-3026,http://www.ganken.jp/,組合・団体,
マクドナルド岩見沢大和タウンプラザ店,068-0851,北海道,岩見沢市,大和1条8丁目,0126-20-2741,0126-20-2741,http://www.mcdonalds.co.jp/,ファーストフード,
栗沢中学校,068-0132,北海道,岩見沢市,栗沢町南幸穂27,0126-45-2784,0126-45-3784,http://www2.city.iwamizawa.hokkaido.jp/,小・中・高・大学等,
栗沢小学校,068-0132,北海道,岩見沢市,栗沢町南幸穂66,0126-45-2786,0126-45-2986,http://www2.city.iwamizawa.hokkaido.jp/,小・中・高・大学等,
株式会社トッキュウ,068-0115,北海道,岩見沢市,栗沢町最上498-9,0126-45-2792,0126-45-3053,http://www.tokkyu-group.jp/,運送・貨物・倉庫,
オートガレージカサイ,068-0015,北海道,岩見沢市,東町207-4,0126-20-2800,0126-20-2803,http://autogaragekasai.fte.jp/,車検・整備・修理,
近藤建設株式会社,068-0813,北海道,岩見沢市,美園3条2-2-10,0126-22-2807,0126-24-3433,http://www.kondo-kensetsu.com/,総合・職別工事業,
岩見沢市社会福祉協議会／子ども発達支援センターつみき園,068-0031,北海道,岩見沢市,11条西3丁目1-9,0126-24-2810,0126-24-2881,http://www.iwamizawa-syakyo.or.jp/,市区町村機関,
古川製菓株式会社,093-0083,北海道,網走市,海岸町1-1-3,0152-43-2812,0152-44-7871,http://abashiri-bussan.com/,製造・加工（食料品）,
有限会社モンパリ,068-0022,北海道,岩見沢市,2条西2-3,0126-24-2840,0126-25-2070,http://konakobo-kansuke.com/,食料品,
相互開発株式会社,068-0847,北海道,岩見沢市,金子町448-7,0126-26-2888,0126-26-1176,http://www.sougokaihatsu-kk.co.jp/,総合・職別工事業,
空知総合振興局／産業振興部／空知農業改良普及センター,068-0818,北海道,岩見沢市,並木町22-1,0126-23-2900,0126-22-2838,http://www.sorachi.pref.hokkaido.lg.jp/,都道府県機関,
イート・アップ岩見沢店,068-0851,北海道,岩見沢市,大和1条9丁目3-2,0126-32-2929,0126-32-2930,http://www.eatup.co.jp/,レストラン,
株式会社組合印刷,069-0365,北海道,岩見沢市,上幌向町559-4,0126-26-2955,0126-26-3677,http://www.kumiaiinsatsu.jp/,印刷・出版,
岩見沢市社会福祉協議会／広域総合福祉センター,068-0031,北海道,岩見沢市,11条西3丁目1-9,0126-22-2960,0126-24-4977,http://www.iwamizawa-syakyo.or.jp/,組合・団体,
上幌向中学校,069-0361,北海道,岩見沢市,上幌向北1条4丁目742,0126-26-2962,0126-26-2085,http://www2.city.iwamizawa.hokkaido.jp/,小・中・高・大学等,
イワタニ北海道株式会社,N.A.,北海道,岩見沢市,北村字赤川512-2,0126-36-3001,N.A.,http://www.iwatani-hokkaido.jp/,製造・加工（工作機械・一般機械器具）,
トヨタカローラ札幌株式会社岩見沢店,068-0005,北海道,岩見沢市,5条東15丁目7-6,0126-22-3003,0126-25-0410,http://www.ekuruma.co.jp/,車検・整備・修理,
オホーツクバザール株式会社,093-0045,北海道,網走市,大曲1丁目14番19号,0152-44-3005,0152-44-2448,http://www.okhotskbazar.co.jp/,食料品,
株式会社エスエスイー,068-0034,北海道,岩見沢市,有明町南1-29,0126-31-3005,0126-31-3005,http://www.kksse.co.jp/,IT・情報通信,
空知総合振興局／札幌建設管理部／岩見沢出張所,069-0362,北海道,岩見沢市,上幌向南1条2丁目,0126-26-3011,0126-26-3038,http://www.sorachi.pref.hokkaido.lg.jp/,都道府県機関,
北海道マツダ販売株式会社岩見沢店,068-0809,北海道,岩見沢市,南町9条2丁目1-1,0126-22-3025,011-210-4753,http://www.hokkaido-mazda.co.jp/,車検・整備・修理,
丸大食品株式会社／北海道工場,068-0111,北海道,岩見沢市,栗沢町由良2-3,0126-45-3033,0126-34-2110,http://www.marudai.jp/,製造・加工（食料品）,
株式会社そうけん,093-0017,北海道,網走市,南7条西4丁目7-3,0152-45-3058,0152-43-5164,http://www.souken-net.com/,建設業・工務店,
岩見沢労働基準協会,068-0021,北海道,岩見沢市,1条西2丁目8-2,0126-24-3087,0126-24-2770,http://iwamizawa-lsa.jp/,組合・団体,
タニコー株式会社,068-0111,北海道,岩見沢市,栗沢町由良2-9,0126-45-3100,0126-45-2900,http://www.tanico.co.jp/,製造・加工（工作機械・一般機械器具）,
佐々木歯科医院,068-0021,北海道,岩見沢市,1条西5丁目4-2,0126-23-3100,0126-23-3100,http://www.sasaki-dc.info/,歯科系,
いわみざわ農協／大富支所,068-1201,北海道,岩見沢市,北村豊正649,0126-55-3111,0126-24-7357,http://www.ja-iwamizawa.or.jp/,組合・団体,
株式会社カナモト,093-0088,北海道,網走市,字三眺12番地の6,0152-45-3115,0152-45-2080,http://www.kanamoto.co.jp/,リース・レンタル,
有限会社川原花木園岩見沢出張所,068-0006,北海道,岩見沢市,6条東8丁目2,0126-31-3117,N.A.,http://www.068.jp/,ガーデニング,
大同舗道株式会社／栗丘事務所,068-0134,北海道,岩見沢市,栗沢町栗丘,0126-45-3120,011-241-1356,http://www.daido-hodo.com/,製造・加工（建築資材）,
タニコー株式会社,068-0111,北海道,岩見沢市,栗沢町由良2-9,0126-45-3123,0126-45-3105,http://www.tanico.co.jp/,製造・加工（工作機械・一般機械器具）,
6条整形外科クリニック,068-0026,北海道,岩見沢市,6条西1丁目8,0126-22-3128,0126-31-7319,http://www.hokushokai.or.jp/,外科系,
北海道銀行岩見沢支店,068-0024,北海道,岩見沢市,4条西6丁目2,0126-22-3131,N.A.,http://www.hokkaidobank.co.jp/,金融・郵貯・貸金,
有限会社ホテルサンパーク,093-0012,北海道,網走市,南二条西4-1-1,0152-44-3131,0152-44-7802,http://www12.plala.or.jp/,旅館・民宿,
株式会社細谷組,068-0001,北海道,岩見沢市,1条東11-4,0126-22-3140,0126-22-3140,http://www.hosoyagumi.jp/yan_jian_ze_zhu_shi_hui_she_xi_gu_zudesu/HOME.html,総合・職別工事業,
株式会社北海印刷,N.A.,北海道,網走市,南4条東5丁目,0152-43-3151,N.A.,http://www.hokkaiprinting.com/,印刷・出版,
谷勲税理士事務所,068-0024,北海道,岩見沢市,4条西8丁目5番地,0126-22-3158,N.A.,http://tani-isao.tkcnf.com/,アウトソーシング,
新札幌台カントリー倶楽部,068-0133,北海道,岩見沢市,栗沢町加茂川370,0126-45-3170,0126-45-4492,http://www.shinsapporodaicc.com/,ゴルフ,
株式会社フヂサワ,N.A.,北海道,網走市,大曲1丁目13番8号,0152-44-3213,N.A.,http://www.fudisawa.com/,不動産,
株式会社北豊商建,068-1213,北海道,岩見沢市,北村赤川586-54,0126-55-3223,0126-55-3034,http://kk-hokuhou.com/,リース・レンタル,
サザエ食品株式会社／ダイエー岩見沢店,068-0029,北海道,岩見沢市,9条西20丁目1,0126-23-3227,011-644-5342,http://www.sazae.co.jp/,製造・加工（食料品）,
サンフロア工業株式会社,068-0853,北海道,岩見沢市,大和3条4-10-1,0126-25-3233,0126-22-8080,http://sunfloor.com/,製造・加工（木製品・紙・パルプ関連）,
岩見沢市役所／栗沢工芸館,068-3180,北海道,岩見沢市,栗沢町美流渡東町48-1,0126-47-3300,0126-45-2158,http://www.city.iwamizawa.hokkaido.jp/,市区町村機関,
株式会社河口屋,068-0853,北海道,岩見沢市,大和3条5-28,0126-22-3310,0126-25-2556,http://www.kawaguchiya.show-buy.jp/,販売・卸（食料品）,
ミスタードーナツ／岩見沢ダイエーショップ,068-0029,北海道,岩見沢市,9条西20丁目1-1,0126-31-3311,N.A.,https://www.misterdonut.jp/noscript.html,ファーストフード,
トイレ館,068-0824,北海道,岩見沢市,日の出北1丁目9-21,0126-23-3322,N.A.,http://www10.plala.or.jp/,バス・トイレ・キッチン,
北燃商事株式会社商事部,068-0015,北海道,岩見沢市,東町690-1,0126-23-3331,0126-23-3337,http://www.hokunen.jp/,製造・加工（建築資材）,
ホクネン家電株式会社,069-0371,北海道,岩見沢市,幌向南1条4丁目,0126-23-3333,0126-23-3336,http://www.hot-shop.jp/,家電,
玉田産業株式会社,068-0024,北海道,岩見沢市,4条西15-3,0126-25-3333,0126-22-9126,http://www.tamadakk.co.jp/,総合・職別工事業,
北燃商事株式会社／美園店,068-0811,北海道,岩見沢市,美園1条1丁目3-7,0126-22-3333,0126-23-3716,http://www.hokunen.jp/,水道・ガス・電力,
北燃商事株式会社,068-0008,北海道,岩見沢市,8条東1-3,0126-23-3340,0126-23-3337,http://www.hokunen.jp/,販売・卸（一般機械）,
自由空間岩見沢ルート12号店,068-0008,北海道,岩見沢市,8条東10丁目51,0126-33-3344,0144-84-7777,http://jiqoo.jp/,マンガ・ネットカフェ,
ココス岩見沢大和店,068-0853,北海道,岩見沢市,大和3条9丁目15,0126-32-3355,N.A.,http://www.cocos-jpn.co.jp/,レストラン,
いわみざわ農協／本所／美園出張所,068-0834,北海道,岩見沢市,駒園1丁目,0126-24-3358,0126-24-7357,http://www.ja-iwamizawa.or.jp/,組合・団体,
勝井建設工業株式会社,079-0181,北海道,岩見沢市,岡山町12番地53,0126-22-3361,0126-22-0354,http://www.ganken.jp/,建設業・工務店,
株式会社きたいち,068-0853,北海道,岩見沢市,大和3条9-14,0126-22-3366,0126-22-6402,http://www.i-kitaichi.co.jp/,販売・卸（日用品）,
小寺・松田法律事務所（弁護士法人）,068-0021,北海道,岩見沢市,1条西5丁目4-2,0126-22-3380,0126-22-3188,http://www.kmlaw.jp/,士業・コンサルタント,
北村温泉ホテル,068-1213,北海道,岩見沢市,北村赤川156-7,0126-55-3388,0126-55-3800,http://www.kitamuraonsen.com/,観光・温泉・銭湯,
ホテル水色の詩,068-0808,北海道,岩見沢市,南町8条1丁目2-15,0126-22-3411,N.A.,http://happyhotel.jp/,モーテル・ラブホテル,
いわみざわ農協／本所／資材課・グリーンショップ,068-0058,北海道,岩見沢市,桜木1条1丁目,0126-22-3426,0126-24-7357,http://www.ja-iwamizawa.or.jp/,組合・団体,
大西商事株式会社／本社,068-0008,北海道,岩見沢市,8条東12丁目14,0126-22-3430,083-222-5164,https://www.ohnishishoji.jp/,ガソリンスタンド,
岩見沢通運株式会社／本社,068-0015,北海道,岩見沢市,東町673,0126-22-3434,N.A.,http://www.gantsu.jp/,運送・貨物・倉庫,
岩見沢通運株式会社,068-0015,北海道,岩見沢市,東町673,0126-22-3437,0126-25-5833,http://www.gantsu.jp/,宅配便,
アタックベース株式会社,N.A.,北海道,岩見沢市,三条西3,0126-22-3443,N.A.,http://www.atackbase.com/,製造・加工（衣料関連）,
岩見沢商工会議所,068-0021,北海道,岩見沢市,1条西1丁目16-1,0126-22-3445,0126-22-3441,http://www.iwamizawacci.or.jp/,組合・団体,
東光電機工業株式会社,068-0003,北海道,岩見沢市,3条東14-2,0126-22-3456,0126-24-1179,http://www.tokodenkikogyo.jp/,販売・卸（一般機械）,
有限会社フジ不動産ハウス,093-0044,北海道,網走市,字天都山30番地の83,0152-44-3457,0152-43-6463,http://www.fuzi.gotohp.com/,不動産,
株式会社カネコメ田中水産,093-0051,北海道,網走市,北1条東2丁目,0152-43-3460,0152-43-3302,http://www.abashirisuisan.jp/,食料品,
岩見沢市観光協会,068-0021,北海道,岩見沢市,1条西1丁目16-1,0126-22-3470,0126-35-6620,http://www.iwamizawa-town.gr.jp/,観光・温泉・銭湯,
北海道獣医師会空知支部,068-0007,北海道,岩見沢市,7条東2丁目,0126-25-3481,011-642-4642,http://www.hokkaido-juishikai.jp/,組合・団体,
明成中学校,068-0829,北海道,岩見沢市,かえで町1丁目1-1,0126-24-3485,0126-24-4008,http://www2.city.iwamizawa.hokkaido.jp/,小・中・高・大学等,
JTB北海道イオン岩見沢店,068-0854,北海道,岩見沢市,大和4条8丁目1,0126-32-3500,N.A.,http://www.jtb.co.jp/,旅行業・代理店,
北海道酒類販売株式会社岩見沢支店,068-0003,北海道,岩見沢市,3条東12丁目1-2,0126-22-3500,0126-32-2121,http://www.hokusyuhan.co.jp/,販売・卸（食料品）,
岩見沢通運株式会社／小口直通,068-0015,北海道,岩見沢市,東町673,0126-22-3506,N.A.,http://www.gantsu.jp/,運送・貨物・倉庫,
株式会社日立エンジニアリング・アンド・サービス岩見沢工場,068-0003,北海道,岩見沢市,3条東11丁目1,0126-22-3520,N.A.,http://www.hitachi-power-solutions.com/,製造・加工（工作機械・一般機械器具）,
いわみざわ農協／本所／岩見沢支所金融課,068-0058,北海道,岩見沢市,桜木1条1丁目,0126-22-3533,0126-24-7357,http://www.ja-iwamizawa.or.jp/,組合・団体,
医療法人社団祥和会,068-0007,北海道,岩見沢市,7条東6-11-15,0126-22-3535,N.A.,http://imm.co.jp/,医院・診療所・療養所,
はっとり工務店,068-0003,北海道,岩見沢市,3条東18丁目21-7,0126-22-3555,0126-22-3555,http://21emotion.sd25.com/,リフォーム,
有限会社アニスト,068-0854,北海道,岩見沢市,大和4条8丁目1,0126-23-3557,N.A.,http://o-anist.com/,士業・コンサルタント,
ヤンマー株式会社岩見沢支店,079-0181,北海道,岩見沢市,岡山町305-3,0126-22-3572,0126-25-6963,https://www.yanmar.com/jp/,農業,
幌向保育園,069-0373,北海道,岩見沢市,幌向南3条2丁目231-116,0126-26-3633,0126-26-3633,http://www.ans.co.jp/,幼稚園・保育施設,
昭和マテリアル株式会社,069-0365,北海道,岩見沢市,上幌向町542-7,0126-26-3636,0126-26-4533,http://www.showamaterial.co.jp/,製造・加工（木製品・紙・パルプ関連）,
有限会社ニッシン自動車工業道央,N.A.,北海道,岩見沢市,志文町198-5,0126-25-3656,0126-22-7448,http://nissin-doo.com/,介護・福祉,
有限会社シーエス空知商事,068-0046,北海道,岩見沢市,緑町3-5-16,0126-22-3671,0126-24-8836,http://www.cs-sorachi.com/,総合・職別工事業,
株式会社政安土木,068-0016,北海道,岩見沢市,稔町71番地94,0126-23-3693,0126-23-4836,http://www.ganken.jp/,建設業・工務店,
岩見沢ライオンズクラブ,068-0024,北海道,岩見沢市,4条西6丁目2,0126-23-3703,0126-24-8187,http://iwamizawa-chuo-lc.org/,組合・団体,
いわみざわ一条はり灸整骨院,068-0021,北海道,岩見沢市,1条西6丁目9-1,0126-23-3717,N.A.,http://www.hari-seikotsu.sakura.ne.jp/,整体等各種療術,
株式会社大和商会,068-0006,北海道,岩見沢市,6条東3-1-1,0126-22-3718,0126-24-6209,http://www.ds-daiwa.com/,販売・卸（工作機械・一般機械器具）,
医療法人緑光会野宮病院,068-0005,北海道,岩見沢市,5条東18-57,0126-22-3731,0126-24-7585,http://www.nomiya-hp.or.jp/,精神科・心療内科,
野宮病院,068-0005,北海道,岩見沢市,5条東18丁目57,0126-22-3733,N.A.,http://www.nomiya-hp.or.jp/,医院・診療所・療養所,
井辺塗料興産株式会社,068-0005,北海道,岩見沢市,5条東11丁目54,0126-22-3748,0126-24-4052,http://ibetoryo.com/,建材,
JR旅行センター岩見沢支店,068-0034,北海道,岩見沢市,有明町南,0126-23-3755,0126-23-7194,http://www.jrhokkaido.co.jp/,旅行業・代理店,
王子チヨダコンテナー株式会社／札幌工場／製造課,068-0015,北海道,岩見沢市,東町248,0126-25-3764,0126-22-4493,http://oji-container.co.jp/,製造・加工（木製品・紙・パルプ関連）,
岩見沢市役所／東山公園庭球場,068-0000,北海道,岩見沢市,総合公園,0126-23-3775,N.A.,http://www.city.iwamizawa.hokkaido.jp/,市区町村機関,
王子チヨダコンテナー株式会社／札幌工場／人事・経理担当,068-0015,北海道,岩見沢市,東町248,0126-25-3778,0126-23-8881,http://oji-container.co.jp/,製造・加工（木製品・紙・パルプ関連）,
宮工建株式会社,068-0057,北海道,岩見沢市,北本町東10-3-5,0126-25-3800,0126-25-5525,http://miyakouken.com/,廃棄物処理,
株式会社北立,068-0001,北海道,岩見沢市,1条東15丁目2,0126-22-3837,0126-22-2855,http://www.ganken.jp/,総合・職別工事業,
ざわざわ森ペットクリニック,068-0007,北海道,岩見沢市,7条東1丁目37-1,0126-32-3838,N.A.,http://www.zawazawa-vets.com/,動物病院・獣医師,
小谷産業株式会社,069-0365,北海道,岩見沢市,上幌向町529番地10号,0126-26-3838,N.A.,http://www.ganken.jp/,建設業・工務店,
エムズゴルフクラブ／コース管理,068-0133,北海道,岩見沢市,栗沢町加茂川184,0126-45-3855,0126-45-4755,http://www.ms-gc.jp/,ゴルフ,
北海道中央霊園,068-0002,北海道,岩見沢市,2条東16丁目,0126-22-3881,0126-22-6786,http://chuo-reien.com/,葬儀,
財団法人北方文化振興協会,093-0042,北海道,網走市,潮見309-1,0152-45-3888,0152-45-3889,http://hoppohm.org/index2.htm,ビルメンテナンス,
読売新聞／中央専売所,068-0005,北海道,岩見沢市,5条東10丁目6,0126-22-3898,0126-22-7316,http://www.yomiuri.co.jp/,映画・放送・新聞,
日昇レンタル株式会社,N.A.,北海道,岩見沢市,岡山町12番地59,0126-25-3900,N.A.,http://www.nissho-r.co.jp/,製造・加工（工作機械・一般機械器具）,
空知総合振興局／空知教育局／教育支援課／いじめ相談電話,068-0028,北海道,岩見沢市,8条西5丁目1-3,0126-22-3912,N.A.,http://www.sorachi.pref.hokkaido.lg.jp/,都道府県機関,
北ガスジェネックス株式会社岩見沢営業所,069-0381,北海道,岩見沢市,幌向北1条5丁目159,0126-26-3925,N.A.,http://www.kg-genex.co.jp/,水道・ガス・電力,
岩見沢青年会議所事務局,068-0021,北海道,岩見沢市,1条西2丁目8-2,0126-23-3964,0126-24-6176,http://iwamizawa-jc.com/,組合・団体,
花形理容所,068-0025,北海道,岩見沢市,5条西11丁目,0126-23-3967,N.A.,http://www5.plala.or.jp/,美容院・理容店・毛髪業,
特定非営利活動法人薔薇香る癒しのまち岩見沢,068-0833,北海道,岩見沢市,志文町995-32,0126-23-3993,N.A.,http://baraiyasi.web.fc2.com/,組合・団体,
岩見沢通運株式会社／玉葱センター,068-0016,北海道,岩見沢市,稔町,0126-25-4013,N.A.,http://www.gantsu.jp/,運送・貨物・倉庫,
おがくず酵素浴アート,068-0027,北海道,岩見沢市,7条西8丁目28,0126-38-4033,0126-38-4033,http://www.ohtakakohso.co.jp/,観光・温泉・銭湯,
いわみざわ農協／栗沢支所／資材栗沢店,068-0127,北海道,岩見沢市,栗沢町本町20,0126-45-4040,0126-45-3678,http://www.ja-iwamizawa.or.jp/,組合・団体,
株式会社写真工芸社,093-0006,北海道,網走市,南六条東3-2,0152-43-4065,0152-43-4067,http://www.takupuri.jp/,写真・ビデオ・スライド,
auショップ岩見沢,068-0009,北海道,岩見沢市,9条東5丁目1-25,0126-31-4077,0126-25-3535,https://www.au.com/,電話・通信,
聖十字幼稚園,068-0835,北海道,岩見沢市,緑が丘1丁目21,0126-22-4079,0126-22-4079,http://www17.plala.or.jp/,幼稚園・保育施設,
エスケー産業株式会社,069-0365,北海道,岩見沢市,上幌向町542番地,0126-26-4084,0126-26-2043,http://www.sksangyo.co.jp/,製造・加工（建築資材）,
株式会社オフィスワン,093-0046,北海道,網走市,新町一丁目1番8号,0152-43-4111,0152-43-1313,http://www.officeone-abashiri.co.jp/,販売・卸（その他）,
岩見沢市役所,068-0828,北海道,岩見沢市,鳩が丘1丁目1-1,0126-23-4111,0126-25-4925,http://www.city.iwamizawa.hokkaido.jp/,市区町村機関,
エム・エス・ケー農業機械株式会社,069-0376,北海道,岩見沢市,中幌向町114-6,0126-26-4121,0126-32-4101,http://www.mskfm.co.jp/,製造・加工（工作機械・一般機械器具）,
特別養護老人ホームいちい荘,068-0115,北海道,岩見沢市,栗沢町最上222-6,0126-45-4121,0126-45-4120,http://www.ichiisou.jp/,介護・福祉,
ゲオ／岩見沢日の出店,068-0825,北海道,岩見沢市,日の出町13,0126-31-4130,N.A.,http://geo-online.co.jp/,賃貸・レンタル,
セカンドストリート岩見沢店,068-0825,北海道,岩見沢市,日の出町13,0126-31-4131,N.A.,http://www.2ndstreet.jp/,ベビー・子ども用品,
株式会社向田自動車,068-0852,北海道,岩見沢市,大和2条9-7,0126-22-4131,0126-23-2657,http://mukaida-j.com/,車検・整備・修理,
有限会社マコト塗装,069-0381,北海道,岩見沢市,幌向北1条4丁目560-58,0126-26-4148,0126-26-4148,http://www.makototosou.com/,リフォーム,
株式会社共成レンテム／岩見沢営業所,069-0365,北海道,岩見沢市,上幌向町542-21,0126-26-4151,0126-26-4171,http://www.kyosei-rentemu.co.jp/,製造・加工（工作機械・一般機械器具）,
MOA北海道販売オレンジハウス岩見沢店,068-0025,北海道,岩見沢市,5条西3丁目2-10,0126-24-4152,N.A.,http://www.moainternational.or.jp/,健康グッズ,
岩見沢市役所／北村多目的体育館・土里夢公園パークゴルフ場,068-1215,北海道,岩見沢市,北村幌達布5180-22,0126-32-4160,0126-32-4170,http://www.zouen-consul.co.jp/,スポーツ施設,
特別養護老人ホーム野菊,068-0002,北海道,岩見沢市,2条東15丁目2-2,0126-25-4165,0126-25-3865,http://www.nogiku.org/,介護・福祉,
職人工房靴リメイク修理岩見沢店,068-0854,北海道,岩見沢市,大和4条8丁目1,0126-23-4169,0126-23-4169,http://www.shokunin-kobo.com/,靴・かばん・小物,
南建設株式会社,093-0089,北海道,網走市,緑町2番12号,0152-43-4174,0152-43-6187,http://www.minamik-kk.co.jp/,建設業・工務店,
株式会社溝口石材工業,068-0122,北海道,岩見沢市,栗沢町北幸穂52-5,0126-45-4194,0126-45-4158,http://www.ishiyasan.co.jp/,製造・加工（窯業・土石）,
空知総合振興局／産業振興部／空知家畜保健衛生所,079-0181,北海道,岩見沢市,岡山町12-37,0126-22-4212,0126-23-9676,http://www.sorachi.pref.hokkaido.lg.jp/,都道府県機関,
岩見沢市役所／まなみーる岩見沢市民会館・文化センター,068-0029,北海道,岩見沢市,9条西4丁目1-1,0126-22-4233,011-351-2556,http://www.manamiru.jp/,市区町村機関,
岩見沢市立図書館,068-0827,北海道,岩見沢市,春日町2丁目18-1,0126-22-4236,0126-24-7580,http://www.city.iwamizawa.hokkaido.jp/,図書館,
株式会社ポリマー技研岩見沢事業所,079-0181,北海道,岩見沢市,岡山町129-18,0126-23-4253,0126-23-4254,http://www.polymer-tec.co.jp/,製造・加工（化学・プラスチック）,
有限会社辰田商会,068-0053,北海道,岩見沢市,北本町西1-3-29,0126-22-4253,0126-22-4311,http://www.bsc-activeshop.jp/,バイク用品,
こぶ志陶苑こぶ志窯,068-0005,北海道,岩見沢市,5条東13丁目,0126-22-4303,0126-22-8810,http://www.kobushiyaki.jp/,製造・加工（生活雑貨・日用品）,
旭川トヨタ自動車株式会社,093-0045,北海道,網走市,大曲1丁目,0152-43-4331,N.A.,http://toyota-dealers.jp/,製造・加工（輸送機械器具）,
株式会社文明堂,068-0029,北海道,岩見沢市,9条西1-1インテルまつもとビル2F,0126-22-4333,0126-22-5370,http://www.bunmeido.co.jp/,販売・卸（工作機械・一般機械器具）,
開発工建株式会社／第2工場,069-0371,北海道,岩見沢市,幌向南1条5丁目397-3,0126-26-4350,0126-26-3967,http://www.k-koken.co.jp/,総合・職別工事業,
プリティーWAN,068-0807,北海道,岩見沢市,南町7条5丁目7-15,0126-24-4361,0126-23-1779,http://prettywan.com/,その他ペット関連サービス,
網走工業株式会社,093-0032,北海道,網走市,港町116,0152-43-4377,0152-45-2404,http://www.abashirikogyo.co.jp/,総合・職別工事業,
佐藤食品工業株式会社／北海道工場,068-0854,北海道,岩見沢市,大和4条5丁目6,0126-23-4387,0126-24-2083,http://www.satosyokuhin.co.jp/,製造・加工（食料品）,
岩見沢釣具センター,068-0029,北海道,岩見沢市,9条西17丁目2-22,0126-25-4433,0126-24-8998,http://turigu.ne.jp/,水産業,
光ケ丘学園,068-0827,北海道,岩見沢市,春日町2丁目3-7,0126-22-4435,0126-22-4240,http://www.hikarigaoka.or.jp/,介護・福祉,
北海道電気保安協会岩見沢支部,068-0029,北海道,岩見沢市,9条西2丁目1-4,0126-23-4441,N.A.,http://www.hochan.jp/,総合・職別工事業,
株式会社ホクレン油機サービス岩見沢支店燃料自動車部,068-0004,北海道,岩見沢市,4条東15丁目3,0126-22-4442,0126-22-2334,http://e-yuki.com/,車検・整備・修理,
岩見沢ベルコ会館,068-0851,北海道,岩見沢市,大和1条9丁目4-1,0126-22-4444,0126-32-0444,https://www.bellco.co.jp/,葬儀,
株式会社クリーンスター,N.A.,北海道,網走市,南4条西4丁目,0152-43-4463,N.A.,http://www.cleanstar.jp/,その他サービス,
アパマンショップ／岩見沢店,068-0029,北海道,岩見沢市,9条西3丁目4-1,0126-24-4488,0126-23-5575,http://www.apamanshop.com/,不動産,
岩見沢労働基準監督署,068-0005,北海道,岩見沢市,5条東15丁目7-7,0126-22-4490,N.A.,http://www.mhlw.go.jp/,官公署,
株式会社丸田組,093-0001,北海道,網走市,南1条東1丁目13番地3,0152-43-4511,0152-43-6782,http://marutagumi.co.jp/,建設業・工務店,
いわみざわ農協／本所／鉄北給油所,068-0058,北海道,岩見沢市,桜木1条1丁目,0126-22-4524,0126-24-7357,http://www.ja-iwamizawa.or.jp/,組合・団体,
岩見沢天使幼稚園,068-0025,北海道,岩見沢市,5条西6丁目8-4,0126-22-4525,0126-22-6160,http://www.iwamizawa-tenshi.com/,幼稚園・保育施設,
JR北海道／岩見沢レールセンター所長室,068-0035,北海道,岩見沢市,有明町中央,0126-23-4542,N.A.,http://www.jrhokkaido.co.jp/,交通機関,
赤いリボン／本店,068-0010,北海道,岩見沢市,10条東6丁目4,0126-25-4545,0126-25-4586,http://www.akairibon.com/,お菓子・スイーツ,
株式会社早水組,093-0012,北海道,網走市,南2条西5丁目1番地1第一オピスビル,0152-43-4551,0152-45-2288,http://www.kk-hayamizu.co.jp/,建設業・工務店,
空知信用金庫／日の出支店,068-0824,北海道,岩見沢市,日の出北4丁目2-17,0126-25-4555,0126-25-4554,http://www.shinkin.co.jp/,金融・郵貯・貸金,
株式会社鈴木東建みやけん本店,068-0835,北海道,岩見沢市,緑が丘5丁目177-1,0126-22-4567,0126-22-5587,http://suzukitoken.jp/,総合・職別工事業,
千葉電気工事株式会社,068-0826,北海道,岩見沢市,東山町22-71,0126-24-4567,0126-23-9921,http://www11.plala.or.jp/,家電,
岩見沢平安閣,068-0005,北海道,岩見沢市,5条東2丁目4-5,0126-23-4581,0126-23-8764,http://i-heiankaku.jp/,結婚・宴会,
岩見沢市役所／栗沢B&G海洋センター,068-0115,北海道,岩見沢市,栗沢町最上506-1,0126-45-4600,0126-45-4800,http://www.city.iwamizawa.hokkaido.jp/,市区町村機関,
株式会社君島商会／本社,068-0808,北海道,岩見沢市,南町8条2丁目2-15,0126-22-4613,0126-22-3162,http://kimijimasyoukai.com/,農業,
株式会社アーキビジョン21岩見沢営業所,069-0362,北海道,岩見沢市,上幌向南1条2丁目1193-4,0126-35-4621,0126-35-4622,http://www.archi21.co.jp/,リフォーム,
マニュライフ生命保険株式会社,093-0046,北海道,網走市,新町2丁目3-1網走交通ビル4F,0152-43-4634,N.A.,http://www.manulife.co.jp/,証券・保険・商品先物,
有限会社西田自動車,068-0852,北海道,岩見沢市,大和2条7丁目5-3,0126-24-4638,0126-24-4020,http://www.aos.ne.jp/,車検・整備・修理,
岩見沢市役所／売店,068-0828,北海道,岩見沢市,鳩が丘1丁目1-1,0126-22-4640,N.A.,http://www2.city.iwamizawa.hokkaido.jp/,市区町村機関,
有限会社岩見沢オート・スタープロジェクト,068-0005,北海道,岩見沢市,5条東10丁目11,0126-22-4641,0126-22-3369,http://www2.suzuki.co.jp/,バイク用品,
ララヘアー岩見沢店,068-0851,北海道,岩見沢市,大和1条8丁目8-2,0126-35-4649,N.A.,http://www.vse-g.com/,美容院・理容店・毛髪業,
100円ショップセリアイオン岩見沢店,068-0854,北海道,岩見沢市,大和4条8丁目1,0126-35-4660,N.A.,https://www.seria-group.com/,生活用品,
株式会社トッキュウ,068-0115,北海道,岩見沢市,栗沢町由良205-8,0126-45-4678,0126-45-4661,http://www.tokkyu-group.jp/,運送・貨物・倉庫,
志文小学校,068-0833,北海道,岩見沢市,志文町158-2,0126-22-4689,0126-22-9884,http://www2.city.iwamizawa.hokkaido.jp/,小・中・高・大学等,
エムズゴルフクラブ,068-0133,北海道,岩見沢市,栗沢町加茂川184,0126-45-4747,0126-45-4755,http://www.ms-gc.jp/,ゴルフ,
株式会社アスクゲートトラスト岩見沢店,068-0009,北海道,岩見沢市,9条東1丁目29-2,0126-33-4771,0126-33-4772,http://www.ask-s.co.jp/,アウトソーシング,
株式会社セキュメント岩見沢事業所,068-0021,北海道,岩見沢市,1条西5丁目2-1,0126-25-4785,0126-35-1785,http://www.secumaint.com/,ビルメンテナンス,
株式会社東洋食品,068-0013,北海道,岩見沢市,東町1条1丁目1-8,0126-35-4816,N.A.,http://www.toyo-foods.com/,アウトソーシング,
日本イエス・キリスト教団幌向小羊教会,069-0373,北海道,岩見沢市,幌向南3条4丁目289-16,0126-26-4817,0126-26-4817,http://jccj.info/,宗教,
醤油屋本店,068-0122,北海道,岩見沢市,栗沢町北幸穂81-4,0126-45-4818,0126-45-4817,http://shouyuya.com/,ラーメン,
コンビニフィットネスクラブ岩見沢店,068-0024,北海道,岩見沢市,4条西3丁目1,0126-35-4836,0126-35-4837,http://www.iwa-deaeru.jp/,スポーツ,
FABヘアーワークス,068-0029,北海道,岩見沢市,9条西20丁目1,0126-23-4838,N.A.,http://www.fab-hw.com/,美容院・理容店・毛髪業,
田沢商会,068-0021,北海道,岩見沢市,1条西4丁目6,0126-22-4848,N.A.,http://www.tazawanet.co.jp/,中古品売買,
清園中学校,068-0833,北海道,岩見沢市,志文町927-5,0126-22-4859,0126-22-4950,http://www2.city.iwamizawa.hokkaido.jp/,小・中・高・大学等,
株式会社ナカジマ薬局,N.A.,北海道,網走市,南4条西4丁目3番1号,0152-67-4885,N.A.,http://www.nakajima-phar.co.jp/,製造・加工（医療・薬関連）,
セコム株式会社空知営業所,068-0021,北海道,岩見沢市,1条西5丁目4-2,0126-24-4908,0126-24-8162,http://www.secom.co.jp/,アウトソーシング,
株式会社ヤマダ電機テックランド岩見沢店,068-0852,北海道,岩見沢市,大和2条8丁目1-13,0126-32-5001,0126-32-5005,http://www.yamada-denki.jp/,家電,
竹内眼科医院,068-0027,北海道,岩見沢市,7条西6丁目1-1,0126-25-5001,N.A.,http://www.takeuchi-clinic.jp/,眼科,
エスト皮膚科クリニック,068-0007,北海道,岩見沢市,七条東6-11-15,0126-22-5011,N.A.,http://www.imm.co.jp/,医院・診療所・療養所,
はくま内科・呼吸器内科クリニック,068-0007,北海道,岩見沢市,7条東6丁目11-15,0126-31-5030,0126-24-2573,http://imm.co.jp/,内科系,
北海道通信社岩見沢支局,068-0027,北海道,岩見沢市,7条西9丁目27,0126-23-5044,0126-23-5044,http://www.dotsu.co.jp/,映画・放送・新聞,
TACS（税理士法人）,068-0005,北海道,岩見沢市,5条東2丁目2-17,0126-22-5050,0126-25-6209,http://i-tacs.jp/,士業・コンサルタント,
北燃商事株式会社／幌向店,069-0371,北海道,岩見沢市,幌向南1条4丁目358-1,0126-26-5050,0126-23-3337,http://www.hokunen.jp/,水道・ガス・電力,
北海道岩見沢高等養護学校,068-0014,北海道,岩見沢市,東町2条8丁目960-3,0126-23-5055,0126-23-5130,http://www.iwamizawakoutouyougo.hokkaido-c.ed.jp/,特殊教育諸学校,
サン歯科クリニック,068-0851,北海道,岩見沢市,大和1条9丁目1-1,0126-22-5066,N.A.,http://www.sun-dental-clinic.com/,歯科系,
札幌トヨペット株式会社岩見沢マイカーセンター,068-0004,北海道,岩見沢市,4条東13丁目6,0126-22-5072,0126-22-6373,http://www.sapporo-toyopet.jp/,中古車・買取,
有限会社共立電子,068-0027,北海道,岩見沢市,7条西20-1-12,0126-24-5080,0126-25-7059,http://www.iwa-kec.co.jp/,販売・卸（電気機械器具）,
有限会社牛渡水産,093-0051,北海道,網走市,北1条東2丁目,0152-44-5084,0152-45-2347,http://www.abashirisuisan.jp/,食料品,
サウンドアート岩見沢,068-0006,北海道,岩見沢市,6条東4丁目14,0126-31-5090,0126-31-5097,http://www.soundart-jp.com/,車検・整備・修理,
らあめんがんてつ岩見沢店,068-0010,北海道,岩見沢市,10条東1丁目3-1,0126-25-5098,N.A.,http://www.gantetu.co.jp/,ラーメン,
ケンタッキーフライドチキンイオン岩見沢店,068-0854,北海道,岩見沢市,大和4条8丁目1,0126-31-5100,0126-31-5200,https://www.kfc.co.jp/top.html,ファーストフード,
株式会社エスケイアイファーマシー,068-0005,北海道,岩見沢市,5条東16-9,0126-33-5100,0126-33-5501,http://www.pharmaholdings.jp/,薬,
網走ビール株式会社,093-0012,北海道,網走市,南2条西4丁目1番2,0152-45-5100,0152-45-5101,http://www.takahasi.co.jp/,製造・加工（その他）,
株式会社ツルハツルハドラッグ／鉄北店,068-0044,北海道,岩見沢市,北4条西10丁目1-1,0126-32-5102,N.A.,http://www.tsuruha.co.jp/,美容・コスメ,
北海道三菱自動車販売株式会社岩見沢店,068-0004,北海道,岩見沢市,4条東14丁目4,0126-22-5111,0126-32-2115,http://www.hokkaido-mitsubishi.com/,自動車販売,
エイブルネットワーク岩見沢店,068-0029,北海道,岩見沢市,9条西6丁目4,0126-35-5115,0126-22-1366,http://rifotex.com/,不動産,
ペットのお店パートナー,068-0823,北海道,岩見沢市,日の出南1丁目5-8,0126-22-5115,0126-25-7121,http://petnomori.jp/,ペット美容室,
株式会社ザ・クロックハウス,068-0854,北海道,岩見沢市,大和四条8-1イオン岩見沢店1F,0126-23-5115,N.A.,https://www.theclockhouse.jp/,洋服,
岩見沢市役所／生涯学習センターいわなび,068-0024,北海道,岩見沢市,4条西1丁目3-4,0126-35-5121,0126-24-2334,http://www.city.iwamizawa.hokkaido.jp/,N.A.,
株式会社イシカリ,068-0111,北海道,岩見沢市,栗沢町由良2,0126-45-5131,0126-45-5132,http://www.ishikari.co.jp/,農業,
宝フーズ株式会社,068-0853,北海道,岩見沢市,大和3条7-26,0126-22-5150,0126-22-5102,http://www15.plala.or.jp/,販売・卸（食料品）,
ほっともっと／岩見沢四条西店,068-0024,北海道,岩見沢市,4条西10丁目,0126-33-5151,N.A.,http://www.hottomotto.com/,弁当・宅配,
株式会社ほくやく岩見沢支店,068-0833,北海道,岩見沢市,志文町957-5,0126-22-5161,0126-25-4357,http://hokuyaku.co.jp/,販売・卸（医薬・化粧品）,
公文式／上幌向教室,069-0362,北海道,岩見沢市,上幌向南1条4丁目,0126-26-5184,0126-32-2343,http://www.kumon.ne.jp/,塾・予備校,
マルハン岩見沢店,068-0851,北海道,岩見沢市,大和1条9丁目5-2,0126-33-5205,N.A.,http://www.maruhan.co.jp/,屋内遊戯,
岩見沢市役所／総合体育館,068-0043,北海道,岩見沢市,北3条西12丁目2-16,0126-25-5210,0126-25-5211,http://www2.city.iwamizawa.hokkaido.jp/,市区町村機関,
株式会社三光,093-0046,北海道,網走市,新町2-1-14,0152-44-5231,0152-43-6530,http://www.35inc.com/,設備工事業,
株式会社みらい,093-0042,北海道,網走市,潮見3-12-43,0152-43-5243,0152-43-7725,http://www.i-mirai.jp/,不動産,
ノースファームストックショップ&カフェ,068-0833,北海道,岩見沢市,志文町292-4,0126-35-5251,0126-22-5009,http://www.northfarmstock.com/,喫茶店・カフェ,
株式会社サエグサ薬品岩見沢営業所,068-0057,北海道,岩見沢市,北本町東4丁目2-29,0126-33-5252,0126-33-5253,http://www.saegusayakuhin.co.jp/,薬,
北海道エナジティック株式会社岩見沢営業所,079-0181,北海道,岩見沢市,岡山町129-25,0126-22-5321,0126-22-3749,http://www.energetic.co.jp/,水道・ガス・電力,
北真小学校,068-0016,北海道,岩見沢市,稔町30-7,0126-22-5383,0126-22-9754,http://www2.city.iwamizawa.hokkaido.jp/,小・中・高・大学等,
株式会社斎藤農機製作所／北海道工場,079-0181,北海道,岩見沢市,岡山町18,0126-24-5401,0126-24-5402,http://www.saitonouki.jp/,農業,
スタジオアリス岩見沢店,068-0030,北海道,岩見沢市,10条西1丁目18-1,0126-33-5411,06-6343-5600,http://www.studio-alice.co.jp/,写真・ビデオ・スライド,
岩見沢市役所／稲穂児童館,068-0027,北海道,岩見沢市,7条西22丁目1-2,0126-23-5458,N.A.,http://www.city.iwamizawa.hokkaido.jp/,市区町村機関,
山本司法書士事務所,068-0023,北海道,岩見沢市,3条西1丁目3-3,0126-22-5503,011-261-0115,http://www.sihosyosi.or.jp/,士業・コンサルタント,
クリーンハウス株式会社,068-0026,北海道,岩見沢市,6条西6-2-1,0126-31-5513,0126-20-1661,http://www.clh-kk.com/,不動産,
岩見沢市社会福祉協議会／ボランティアセンター,068-0031,北海道,岩見沢市,11条西3丁目1-9,0126-25-5516,N.A.,http://www.iwamizawa-syakyo.or.jp/,組合・団体,
空知信用金庫／夜間土・日・祝日の通帳カード紛失届受付,068-0021,北海道,岩見沢市,1条西1丁目16-1-2,0126-31-5522,N.A.,http://www.shinkin.co.jp/,金融・郵貯・貸金,
有限会社工藤工業,068-0082,北海道,岩見沢市,鳩が丘4丁目3番11号,0126-22-5522,0126-22-2653,http://kudou-kougyou.sd25.com/,建設業・工務店,
セイコーマート岩見沢5条店,068-0005,北海道,岩見沢市,5条東15丁目5-1,0126-25-5533,N.A.,http://map.seicomart.co.jp/,コンビニ・スーパー・デパート,
岩見沢市役所／岩見沢保健センター,068-0030,北海道,岩見沢市,10条西3丁目1,0126-25-5540,0126-25-5524,http://www.city.iwamizawa.hokkaido.jp/,市区町村機関,
太陽ルートサービス株式会社岩見沢岡山給油所,079-0181,北海道,岩見沢市,岡山町317-3,0126-24-5551,0126-24-5850,http://www.showa-shell.co.jp/,ガソリンスタンド,
和食レストランとんでん岩見沢店,068-0010,北海道,岩見沢市,10条東3丁目2-1,0126-23-5554,048-838-8866,http://www.tonden.co.jp/,レストラン,
渡辺パイプ株式会社岩見沢営業所,068-0024,北海道,岩見沢市,4条西11丁目,0126-25-5560,0126-25-5580,http://www.sedia-system.co.jp/,製造・加工（建築資材）,
コンビニキヨスク岩見沢,068-0034,北海道,岩見沢市,有明町南,0126-35-5570,N.A.,http://www.hkiosk.co.jp/,コンビニ・スーパー・デパート,
株式会社ギブリコーポレーションオートショップギブリ,068-0852,北海道,岩見沢市,大和2条9丁目28-7,0126-38-5577,0126-38-5578,http://ghibli-a.com/,中古車・買取,
北創産業株式会社,099-3119,北海道,網走市,鱒浦4-9-12,0152-43-5578,0152-45-1640,http://www.hokusousangyou.com/,リース・レンタル,
卸売スーパー岩見沢店,068-0043,北海道,岩見沢市,北3条西10丁目2-14,0126-32-5600,0126-32-5601,http://www.rin5-house.com/,食料品,
三谷石油株式会社／岩見沢給油所,068-0004,北海道,岩見沢市,4条東1丁目,0126-22-5606,N.A.,http://www.showa-shell.co.jp/,ガソリンスタンド,
リサイクル本舗,068-0853,北海道,岩見沢市,大和3条6丁目20,0126-22-5617,N.A.,http://recyclehonpoiwamizawa.web.fc2.com/,家具・インテリア,
空知総合振興局／福利厚生・その他団体／北海道社会福祉協議会空知地区事務所,068-0028,北海道,岩見沢市,8条西5丁目,0126-31-5617,0126-31-5618,http://www.sorachi.pref.hokkaido.lg.jp/,都道府県機関,
空知信用金庫／本部／ビジネスサービス,068-0023,北海道,岩見沢市,3条西6丁目2-1,0126-22-5641,0126-25-5870,http://www.shinkin.co.jp/,金融・郵貯・貸金,
空知信用金庫／本部／営業推進部,068-0023,北海道,岩見沢市,3条西6丁目2-1,0126-22-5646,N.A.,http://www.shinkin.co.jp/,金融・郵貯・貸金,
空知信用金庫／本部／審査管理部,068-0023,北海道,岩見沢市,3条西6丁目2-1,0126-22-5647,N.A.,http://www.shinkin.co.jp/,金融・郵貯・貸金,
有限会社メデイカルしんゆう,068-0022,北海道,岩見沢市,2条西4-1,0126-24-5651,0126-24-5651,http://medicalshinyu.web.fc2.com/,薬,
医療法人社団明日佳岩見沢江仁会病院,068-0833,北海道,岩見沢市,志文町297-13,0126-25-5670,N.A.,http://www.asuka-gp.or.jp/,医院・診療所・療養所,
株式会社一条,069-0382,北海道,岩見沢市,幌向北2条1-611-127,0126-26-5673,0126-26-6282,http://www.iwamizawa.co.jp/,介護・福祉,
株式会社ヨネザワ,069-0381,北海道,岩見沢市,幌向北1条2丁目604,0126-35-5677,096-387-5115,http://www.yonezawa-web.co.jp/,総合・職別工事業,
株式会社富士薬品,068-0853,北海道,岩見沢市,大和3条5丁目,0126-22-5690,0126-22-8658,http://www.fujiyakuhin.co.jp/,薬,
ブラザーミシン株式会社岩見沢,068-0023,北海道,岩見沢市,3条西16丁目,0126-23-5702,N.A.,http://www.brother.co.jp/,裁縫・手芸,
コープさっぽろ岩見沢南店文化教室,068-0816,北海道,岩見沢市,美園6条8丁目6-15,0126-22-5706,0126-22-9641,https://www.sapporo.coop/,各種学校,
株式会社ツルハツルハドラッグ／岩見沢東店,068-0002,北海道,岩見沢市,2条東12丁目3-1,0126-33-5710,0126-32-1101,http://www.tsuruha.co.jp/,美容・コスメ,
株式会社そうけん,093-0044,北海道,網走市,字天都山67-30,0152-45-5727,0152-45-2102,http://www.souken-net.com/,建設業・工務店,
株式会社第一基礎,068-0015,北海道,岩見沢市,東町191-8,0126-23-5777,0126-23-4803,http://daiichi-kiso.jp/,建設業・工務店,
ハウスドゥ岩見沢店,068-0026,北海道,岩見沢市,6条西1丁目1-1,0126-31-5787,0126-31-5788,http://iwamizawa-housedo.com/,不動産,
株式会社吉成備電,N.A.,北海道,岩見沢市,春日町1丁目2番3号,0126-25-5800,0126-25-5842,http://park21.wakwak.com/,建設業・工務店,
イベントホール赤れんが,068-0034,北海道,岩見沢市,有明町南1-7,0126-22-5871,0126-22-7749,http://www.iwa-akarenga.jp/,市区町村機関,
岩見沢公益社／幌向営業所,069-0371,北海道,岩見沢市,幌向南1条4丁目339,0126-26-5878,N.A.,http://www.kouekisya.com/,葬儀,
岩見沢サービスエリア／下り売店,068-0826,北海道,岩見沢市,東山町72-8,0126-25-5916,N.A.,http://www.driveplaza.com/,レストラン,
岩見沢練成会,068-0024,北海道,岩見沢市,4条西5丁目7-3,0126-23-5959,0126-32-2343,http://www.renseikai.com/group/,塾・予備校,
有限会社オアシス,068-0022,北海道,岩見沢市,二条西5丁目,0126-24-5969,0126-24-8182,http://oasys-care.co.jp/,介護・福祉,
ワコー建設株式会社,N.A.,北海道,網走市,新町3-4-3,0152-44-6002,0152-44-6008,http://www.cs-wako.com/,建設業・工務店,
株式会社ナガセビューティケァ,093-0075,北海道,網走市,北五条西8-4-2オホーツク夢灯台1F,0152-44-6018,N.A.,http://nbc.jp/,製造・加工（医療・薬関連）,
行政書士斎藤法務事務所,068-0024,北海道,岩見沢市,4条西1丁目2-5,0126-23-6060,0126-23-6060,http://gshj.web.fc2.com/,士業・コンサルタント,
キャンドゥ岩見沢であえーる店,068-0024,北海道,岩見沢市,4条西3丁目,0126-25-6062,03-5331-5501,http://www.cando-web.co.jp/,生活用品,
岩見沢市町会連合会,068-0031,北海道,岩見沢市,11条西3丁目1-9,0126-24-6071,0126-24-6071,http://choren.jimdo.com/,組合・団体,
イオン岩見沢店,068-0854,北海道,岩見沢市,大和4条8丁目1,0126-33-6100,0126-33-5524,https://www.aeon-hokkaido.jp/home.html,コンビニ・スーパー・デパート,
いわみざわ公園パークゴルフ場ローズパーク,068-0833,北海道,岩見沢市,志文町794,0126-25-6111,0126-25-6177,http://www.iwamizawa-park.com/,ゴルフ,
ネッツトヨタ札幌株式会社／U-Car岩見沢店,068-0853,北海道,岩見沢市,大和3条9丁目3-1,0126-22-6111,N.A.,http://www.netz-sapporo.com/,車検・整備・修理,
テオリアカイロプラクティック,068-0024,北海道,岩見沢市,4条西6丁目6-1,0126-23-6151,N.A.,http://www.teoria-c.com/,整体等各種療術,
利久,068-0025,北海道,岩見沢市,5条西2丁目,0126-22-6155,0126-24-2355,http://www.rikyu-gyutan.co.jp/,飲み屋,
株式会社イエローハット荒井,068-0009,北海道,岩見沢市,9条東5-1-10,0126-24-6170,0126-24-4885,http://yellowhat-arai.co.jp/,車検・整備・修理,
さくらぎ保育園,068-0058,北海道,岩見沢市,桜木1条6丁目3-15,0126-24-6186,0126-24-7942,http://www.sakuragi-hoikuen.jp/,幼稚園・保育施設,
株式会社富士メガネ岩見沢ダイエー店,068-0029,北海道,岩見沢市,9条西20丁目1,0126-23-6188,0126-23-9979,http://www.fujimegane.co.jp/,修理,
株式会社カナモト,068-0832,北海道,岩見沢市,ふじ町2条5丁目2番1号,0126-25-6200,0126-25-7191,http://www.kanamoto.co.jp/,リース・レンタル,
空知商工信用組合／岩見沢支店,068-0024,北海道,岩見沢市,4条西2丁目,0126-24-6211,N.A.,http://www.sorachi.shinkumi.jp/,金融・郵貯・貸金,
株式会社北海道教育楽器ミュージックショップバンバン,068-0025,北海道,岩見沢市,5条西5丁目,0126-22-6220,0126-22-6220,http://www.kyouiku-gakki.co.jp/,音楽,
空知信用金庫／鉄北支店,068-0042,北海道,岩見沢市,北2条西11丁目2-19,0126-24-6233,0126-24-6234,http://www.shinkin.co.jp/,金融・郵貯・貸金,
岩見沢市役所／スポーツセンター,068-0000,北海道,岩見沢市,総合公園40,0126-22-6240,0126-22-6241,http://www.city.iwamizawa.hokkaido.jp/,市区町村機関,
いわみざわ農協／本所／青果センター,068-0016,北海道,岩見沢市,稔町393,0126-24-6242,0126-24-7357,http://www.ja-iwamizawa.or.jp/,組合・団体,
有限会社武良商店,093-0046,北海道,網走市,新町2丁目1番9号,0152-44-6244,0152-44-6245,http://www.abashirisuisan.jp/,食料品,
JSS岩見沢スイミングスクール,068-0009,北海道,岩見沢市,9条東7丁目1-1,0126-25-6262,0126-25-6904,http://www.jss-group.co.jp/,スポーツ,
メガネの愛眼／岩見沢駅前本店,068-0021,北海道,岩見沢市,1条西4丁目2,0126-22-6267,N.A.,http://www.aigan.co.jp/,生活用品,
岩見沢市社会福祉協議会居宅介護支援事業所,068-0031,北海道,岩見沢市,11条西3丁目1-9,0126-25-6304,0126-22-2752,http://www.iwamizawa-syakyo.or.jp/,介護・福祉,
グループホームビバ美園,068-0816,北海道,岩見沢市,美園6条6丁目5-10-0,0126-24-6331,0126-24-6331,http://www.iwamizawa-town.gr.jp/,介護・福祉,
三谷石油株式会社／岩見沢南給油所,068-0814,北海道,岩見沢市,美園4条1丁目6,0126-22-6337,N.A.,http://www.showa-shell.co.jp/,ガソリンスタンド,
空知信用金庫／美園支店,068-0814,北海道,岩見沢市,美園4条5丁目1-10,0126-24-6363,0126-24-6122,http://www.shinkin.co.jp/,金融・郵貯・貸金,
株式会社コスモ石油,068-0005,北海道,岩見沢市,5条東5丁目3,0126-22-6383,N.A.,http://www.cosmo-oil.co.jp/,ガソリンスタンド,
日本ブライダル連盟岩見沢プラザ,068-0024,北海道,岩見沢市,4条西7丁目8-3,0126-25-6388,03-5348-3602,http://biu.jp/,相談・調査,
道東地方環境整備興発株式会社,093-0046,北海道,網走市,新町3-146-3,0152-44-6393,0152-43-5084,http://www.dotokankyo.co.jp/,廃棄物処理,
岩見沢市温水プール,068-0009,北海道,岩見沢市,9条東2丁目1-1,0126-23-6400,0126-23-5244,http://www.city.iwamizawa.hokkaido.jp/,スポーツ施設,
花蔵ブッチパルケ,068-0854,北海道,岩見沢市,大和4条7丁目4-6,0126-25-6401,N.A.,http://www.mabuchikensetsu.co.jp/,ガーデニング,
税理士法人オホーツクネクスト経営会計,093-0016,北海道,網走市,南六条西2-4-1フロムワンビル,0152-43-6406,N.A.,http://okh-next.tkcnf.com/,士業・コンサルタント,
株式会社君島商会／自動車整備工場,068-0808,北海道,岩見沢市,南町8条2丁目2-15,0126-22-6434,0126-23-5537,http://kimijimasyoukai.com/,車検・整備・修理,
東町歯科クリニック,068-0013,北海道,岩見沢市,東町1条6丁目,0126-23-6480,0126-23-6480,http://park14.wakwak.com/,歯科系,
アグリシステム株式会社,N.A.,北海道,岩見沢市,幌向町405-9,0126-32-6532,0126-32-6589,http://www.agrisystem.co.jp/,食料品,
株式会社白亜ダイシンノースファームストック,068-0005,北海道,岩見沢市,5条東3丁目2-1,0126-22-6540,0126-22-5009,http://www.northfarmstock.com/,製造・加工（食料品）,
岩見沢地区連合会,068-0026,北海道,岩見沢市,6条西10丁目3-10,0126-33-6555,0126-33-6556,http://choren.jimdo.com/,組合・団体,
ゲオ／岩見沢店,068-0030,北海道,岩見沢市,10条西20丁目2,0126-31-6605,0126-31-6618,http://geo-online.co.jp/,賃貸・レンタル,
有限会社ソエダ塗装工業,093-0042,北海道,網走市,潮見2-10-32,0152-44-6613,0152-44-9521,http://www.toso-nano.com/,建設業・工務店,
医療法人北翔会／介護プランセンターほろむい,069-0372,北海道,岩見沢市,幌向南2条3丁目311-58,0126-32-6621,N.A.,http://www.hokushokai.or.jp/,介護・福祉,
空知総合振興局／保健環境部／保健行政室・岩見沢保健所／子ども・健康推進課／エイズ相談窓口専用電話,068-0028,北海道,岩見沢市,8条西5丁目1-3,0126-25-6632,N.A.,http://www.sorachi.pref.hokkaido.lg.jp/,都道府県機関,
赤いリボン／めーぷる倶楽部,068-0827,北海道,岩見沢市,春日町1丁目27-1,0126-35-6650,0126-25-4848,http://www.akairibon.com/,お菓子・スイーツ,
北海道エネルギー株式会社／利根別SS,068-0005,北海道,岩見沢市,5条東15丁目1,0126-22-6666,0126-22-6647,http://do-ene.jp/,ガソリンスタンド,
医療法人北翔会／デイサービスセンター翔,069-0372,北海道,岩見沢市,幌向南2条3丁目311-58,0126-32-6677,0126-32-6668,http://www.hokushokai.or.jp/,介護・福祉,
エクセル株式会社,068-0005,北海道,岩見沢市,5条東15-48-3,0126-25-6711,0126-25-8333,http://www.excelweb.co.jp/,アウトソーシング,
株式会社クリーンスター,N.A.,北海道,網走市,駒場北5丁目,0152-44-6733,N.A.,http://www.cleanstar.jp/,その他サービス,
ニホンフード株式会社,068-0854,北海道,岩見沢市,大和4条7-14,0126-23-6767,0126-23-6948,http://www.nihonf.co.jp/,製造・加工（食料品）,
ハードオフ岩見沢店,068-0854,北海道,岩見沢市,大和4条6丁目2-4,0126-31-6876,0126-31-6878,http://www.hardoff.co.jp/,リサイクルショップ,
株式会社君島商会／リペア工房,068-0808,北海道,岩見沢市,南町8条2丁目2-15,0126-31-6900,0126-31-3111,http://kimijimasyoukai.com/,車検・整備・修理,
いわみざわ農協／本所／農業振興部,068-0058,北海道,岩見沢市,桜木1条1丁目,0126-22-6924,0126-24-7357,http://www.ja-iwamizawa.or.jp/,組合・団体,
エステティックモア,068-0022,北海道,岩見沢市,2条西4丁目1,0126-25-6983,0126-25-6983,http://www.r-more.com/,美容・コスメ,
カフェ・レストランピーノ,068-0028,北海道,岩見沢市,8条西1丁目1-8,0126-35-7056,N.A.,http://hitosara.com/,喫茶店・カフェ,
セブンイレブン／岩見沢大和2条店,068-0852,北海道,岩見沢市,大和2条8丁目8-1,0126-25-7071,N.A.,http://www.sej.co.jp/,コンビニ・スーパー・デパート,
auショップ岩見沢大和,068-0851,北海道,岩見沢市,大和1条8丁目3,0126-33-7077,0126-33-4677,https://www.au.com/,電話・通信,
メガネの愛眼／大和タウンプラザ店,068-0851,北海道,岩見沢市,大和1条8丁目,0126-22-7100,N.A.,http://www.aigan.co.jp/,生活用品,
マクドナルド12号岩見沢店,068-0008,北海道,岩見沢市,8条東10丁目2-55,0126-33-7107,0126-33-7107,http://www.mcdonalds.co.jp/,ファーストフード,
北海道宅地建物取引業協会（公益社団法人）空知支部,068-0001,北海道,岩見沢市,1条東5丁目1-11,0126-23-7147,0126-25-0728,http://www.sorachi-takken.jp/,不動産,
へんみデンタルクリニック,069-0371,北海道,岩見沢市,幌向南1条3丁目346,0126-35-7164,0126-35-7164,http://henmi-dental.net/,歯科系,
岩見沢市役所／北村農業資料館お問合せ,068-0833,北海道,岩見沢市,志文町809-1,0126-23-7170,0126-24-1925,http://www.city.iwamizawa.hokkaido.jp/,市区町村機関,
岩見沢メディカルモールデイサービスセンターあすも,068-0007,北海道,岩見沢市,7条東7丁目2-7,0126-35-7180,0126-35-7181,http://imm.co.jp/,介護・福祉,
綜合警備保障株式会社,068-0808,北海道,岩見沢市,南町八条2-2-15,0126-23-7220,0126-24-8460,http://www.alsok.co.jp/,ビルメンテナンス,
モスバーガー岩見沢店,068-0030,北海道,岩見沢市,10条西5丁目17-1,0126-22-7222,N.A.,http://mos.jp/,ファーストフード,
佐川急便株式会社岩見沢店,068-0015,北海道,岩見沢市,東町191-3,0126-24-7225,0126-23-0507,http://www2.sagawa-exp.co.jp/,運送・貨物・倉庫,
株式会社オーク,068-0006,北海道,岩見沢市,6条東11-62,0126-25-7260,0126-25-7529,http://www.oak-iwamizawa.co.jp/,総合・職別工事業,
日東製網株式会社,093-0002,北海道,網走市,南2条東2丁目4番5号,0152-44-7275,0152-44-7276,http://www.nittoseimo.co.jp/,製造・加工（衣料関連）,
ファッションセンターしまむら岩見沢店,068-0852,北海道,岩見沢市,大和2条8丁目8,0126-31-7287,N.A.,http://www.shimamura.gr.jp/,洋服,
シャトレーゼ岩見沢店,068-0029,北海道,岩見沢市,9条西9丁目1-6,0126-33-7300,0126-33-7301,http://www.chateraise.co.jp/,お菓子・スイーツ,
株式会社北海道三喜岩見沢東店,068-0006,北海道,岩見沢市,6条東14丁目6-4,0126-32-7311,0126-32-7312,http://www.fi-sanki.co.jp/,洋服,
土屋工業株式会社,093-0075,北海道,網走市,北五条西7-14,0152-44-7321,0152-44-2347,http://www.yama11.jp/,総合・職別工事業,
益村測量設計株式会社,093-0046,北海道,網走市,新町1丁目7番14号,0152-44-7335,0152-43-3379,http://www.masumura.co.jp/,印刷・出版,
株式会社ムラコシ,093-0042,北海道,網走市,潮見1-357-12,0152-44-7361,0152-44-6761,http://www.kk-murakoshi.co.jp/,相談・調査,
株式会社山田硝子店,079-0181,北海道,岩見沢市,岡山町129番地16,0126-22-7476,0126-22-7522,http://www.yamadaglass.co.jp/,製造・加工（建築資材）,
王子チヨダコンテナー株式会社／札幌工場／原紙担当,068-0015,北海道,岩見沢市,東町248,0126-22-7488,N.A.,http://oji-container.co.jp/,製造・加工（木製品・紙・パルプ関連）,
なごみ白木屋岩見沢3条西2丁目店,068-0023,北海道,岩見沢市,3条西2丁目11-1,0126-24-7538,N.A.,http://www.monteroza.co.jp/,飲み屋,
サンドラッグ岩見沢10条西店,068-0030,北海道,岩見沢市,10条西19丁目1,0126-32-7550,0126-32-7551,http://www.sundrug.co.jp/,薬,
岩見沢福音キリスト教会,068-0823,北海道,岩見沢市,日の出南1丁目3-4,0126-23-7550,0126-23-7550,http://iec.jimdo.com/,宗教,
フィッシングショップマルヨシ,068-0026,北海道,岩見沢市,6条西5丁目2-15,0126-24-7570,0126-35-6652,https://x237548.bizloop.jp/?corp_id=x237548,釣り,
オートプロデューサー,068-0852,北海道,岩見沢市,大和2条7丁目4,0126-25-7577,N.A.,http://www.carsensor.net/,車検・整備・修理,
清水司法書士事務所,068-0824,北海道,岩見沢市,日の出北1丁目5-2,0126-24-7643,0126-24-7644,http://www.sihosyosi.or.jp/,士業・コンサルタント,
株式会社NSメディア,068-0022,北海道,岩見沢市,2条西2丁目4-2,0126-33-7676,0126-33-7675,http://ns-media.net/,広告・マーケティング,
株式会社モロオ岩見沢営業所,068-0853,北海道,岩見沢市,大和3条5丁目11,0126-23-7711,N.A.,http://www.moroo.co.jp/,販売・卸（医薬・化粧品）,
おくすりやさん／岩見沢西友ポルタ店,068-0024,北海道,岩見沢市,4条西3丁目1,0126-22-7722,0126-22-7722,http://www.okusuriyasan.com/,薬,
有限会社バイオ有機,093-0032,北海道,網走市,港町6-6,0152-43-7730,0152-43-7732,http://www.bioyuki.ecweb.jp/,農業,
三嶋歯科医院／7条院,068-0027,北海道,岩見沢市,7条西5丁目20-1,0126-23-7733,0126-25-0248,http://m-dent.net/,歯科系,
コープさっぽろ／岩見沢東店,068-0005,北海道,岩見沢市,5条東12丁目8,0126-22-7761,0126-22-8870,https://www.sapporo.coop/,食料品,
まちなかデイサービス岩見沢,068-0022,北海道,岩見沢市,2条西3丁目3-2,0126-25-7766,0126-25-7768,http://raise-machinaka.jimdo.com/,介護・福祉,
ホテルサンプラザ,068-0004,北海道,岩見沢市,4条東1丁目,0126-23-7788,0126-23-7795,http://www.hotel-sunplaza.jp/,結婚・宴会,
ほくでんサービス株式会社岩見沢支店／販売課,068-0029,北海道,岩見沢市,9条西1丁目12-1,0126-24-7802,0126-23-9642,http://www.hepco.co.jp/,水道・ガス・電力,
道路工業株式会社,093-0042,北海道,網走市,潮見2丁目6番2号,0152-44-7833,N.A.,http://www.dorokogyo.co.jp/,建設業・工務店,
ウィズ・ユー,068-0003,北海道,岩見沢市,3条東1丁目8,0126-23-7877,N.A.,http://withyou-home.cbiz.co.jp/,飲み屋,
とんかつ富司,068-0022,北海道,岩見沢市,2条西4丁目4,0126-25-7880,0126-24-3357,http://tonfuji.fc2web.com/,レストラン,
アイリー,068-0027,北海道,岩見沢市,7条西20丁目1-32,0126-25-7895,N.A.,http://www3.plala.or.jp/,美容院・理容店・毛髪業,
いわみざわ農協／本所／生活部,068-0022,北海道,岩見沢市,2条西1丁目,0126-22-7898,0126-25-9120,http://www.ja-iwamizawa.or.jp/,組合・団体,
サンクス／岩見沢東2丁目店,068-0004,北海道,岩見沢市,4条東2丁目1-5,0126-25-7927,0126-25-5547,http://www.circleksunkus.jp/,コンビニ・スーパー・デパート,
岩見沢市役所／消費者センター,068-0023,北海道,岩見沢市,3条西4丁目8-2,0126-23-7987,0126-23-7987,http://www.city.iwamizawa.hokkaido.jp/,市区町村機関,
株式会社北海道ソイルリサーチ,068-0802,北海道,岩見沢市,南町2条1丁目4番11号,0126-33-7988,0126-33-7989,http://www.soil-r.co.jp/,印刷・出版,
南空知ふるさと市町村圏組合,068-0034,北海道,岩見沢市,有明町南1-20,0126-25-8001,0126-24-8442,http://www.ms11.or.jp/,組合・団体,
ブール・ミッシュ,068-0024,北海道,岩見沢市,4条西2丁目4,0126-22-8068,03-3563-2555,http://www.boulmich.co.jp/,食料品,
FMはまなす,068-0034,北海道,岩見沢市,有明町南1-5,0126-25-8074,0126-25-8079,http://fm761.jp/,映画・放送・新聞,
ピザハット岩見沢店,068-0024,北海道,岩見沢市,4条西11丁目3-26,0126-24-8103,011-896-5507,http://pizzahut.jp/,弁当・宅配,
とっぴー北海道岩見沢店,068-0030,北海道,岩見沢市,10条西1丁目1-1,0126-25-8111,011-823-2111,http://www.toppii.jp/,中華・中国料理,
ブックオフ岩見沢店,068-0854,北海道,岩見沢市,大和4条6丁目2-4,0126-23-8155,0126-23-8265,http://www.bookoff.co.jp/,本,
株式会社朝日住設,068-0805,北海道,岩見沢市,南町5条2-6-22,0126-23-8173,0126-23-6353,http://asahijyusetsu.co.jp/,設備工事業,
いわみざわ農協／セレモニーホール,068-0834,北海道,岩見沢市,駒園1丁目1-1,0126-23-8181,0126-24-7357,http://www.ja-iwamizawa.or.jp/,葬儀,
ホーマック株式会社／岩見沢東店,068-0002,北海道,岩見沢市,2条東12丁目1-1,0126-25-8181,0126-25-7666,http://www.homac.co.jp/,生活用品,
医療法人社団品川歯科クリニック,068-0807,北海道,岩見沢市,南町7条1-2-13,0126-32-8211,0126-32-8212,http://www.shinagawa-dc.com/,歯科系,
品川歯科クリニック,068-0807,北海道,岩見沢市,南町7条1丁目2-13,0126-32-8212,N.A.,http://www.shinagawa-dc.com/,歯科系,
北海道エネルギー株式会社／チャレンジ岩見沢SS,068-0010,北海道,岩見沢市,10条東1丁目1-1,0126-25-8231,0126-25-8232,http://www.do-ene.jp/,ガソリンスタンド,
ホビーオフ岩見沢店,068-0854,北海道,岩見沢市,大和4条6丁目2-4,0126-23-8255,0126-31-6878,http://www.hardoff.co.jp/,リサイクルショップ,
山崎司法書士事務所,068-0024,北海道,岩見沢市,4条西4丁目4,0126-23-8282,0126-38-4787,http://www.sihosyosi.or.jp/,士業・コンサルタント,
空知総合振興局／産業振興部／岩見沢食肉衛生検査所,069-0362,北海道,岩見沢市,上幌向南1条1丁目,0126-24-8360,0126-24-8361,http://www.sorachi.pref.hokkaido.lg.jp/,都道府県機関,
有限会社岩見沢メディカルモール,068-0007,北海道,岩見沢市,7条東6丁目11-15,0126-22-8383,0126-22-8383,http://www.imm.co.jp/,不動産・賃貸,
北海道スバル株式会社カースポット岩見沢,068-0852,北海道,岩見沢市,大和2条7丁目6,0126-25-8411,0126-25-8412,http://www.hokkaido-subaru.com/,車検・整備・修理,
鳩が丘歯科クリニック,068-0828,北海道,岩見沢市,鳩が丘3丁目1-7,0126-24-8418,0126-24-8419,http://www.hatogaoka-dc.jp/,歯科系,
株式会社クリーンスター,N.A.,北海道,網走市,南7条東3丁目,0152-43-8445,N.A.,http://www.cleanstar.jp/,その他サービス,
株式会社サッポロドラッグストアー岩見沢店,068-0030,北海道,岩見沢市,10条西20丁目2,0126-33-8500,011-841-8042,https://satudora.jp/,薬,
岩見沢市体育協会,068-0000,北海道,岩見沢市,総合公園4,0126-23-8611,0126-23-8611,http://www.city.iwamizawa.hokkaido.jp/,組合・団体,
コープさっぽろ／岩見沢東店／助け合いの会岩見沢,068-0816,北海道,岩見沢市,美園6条8丁目6-15,0126-25-8678,0126-22-8870,https://www.sapporo.coop/,代行・支援サービス,
株式会社ホンダカーズ滝川岩見沢大和店,068-0852,北海道,岩見沢市,大和2条5丁目10,0126-24-8686,0125-22-4877,http://www.honda-auto.com/,車検・整備・修理,
札幌海鮮丸／岩見沢店,068-0021,北海道,岩見沢市,1条西11丁目10-1,0126-25-8715,N.A.,http://www.kaisenmaru.co.jp/,弁当・宅配,
フラワーショップ花しづか,068-0005,北海道,岩見沢市,5条東17丁目25,0126-25-8741,0126-25-8741,http://www.eflora.co.jp/,ガーデニング,
ツクイ岩見沢東デイサービスセンター,068-0005,北海道,岩見沢市,5条東12丁目1,0126-33-8777,0126-33-8778,http://www.tsukui.net/,介護・福祉,
ザ・ビッグ岩見沢店,068-0002,北海道,岩見沢市,2条東12丁目3-1,0126-25-8800,N.A.,http://www.mv-hokkaido.co.jp/,食料品,
ハロンズ北海道競馬,068-0026,北海道,岩見沢市,6条西2丁目1-3,0126-22-8811,N.A.,http://www.hokkaidokeiba.net/,公営競技,
ドコモショップ／岩見沢店,068-0030,北海道,岩見沢市,10条西2丁目1-1,0126-25-8818,0126-22-6450,https://www.nttdocomo.co.jp/,電話・通信,
オートフレッシュ協栄,068-0015,北海道,岩見沢市,東町31,0126-25-8822,0126-25-8823,http://pagupagu1103.on.omisenomikata.jp/,洗車・コーティング,
いわみざわ農協／本所／青果部,068-0058,北海道,岩見沢市,桜木1条1丁目,0126-24-8833,0126-24-7357,http://www.ja-iwamizawa.or.jp/,組合・団体,
ぎょうざの宝永,068-0044,北海道,岩見沢市,北4条西8丁目2-13,0126-25-8837,0126-25-8836,http://www.houei-gyouza.com/,中華・中国料理,
たかはし歯科医院,068-0823,北海道,岩見沢市,日の出南4丁目1-7,0126-23-8855,0126-23-8855,http://h-takahashi.com/,歯科系,
ひさつね歯科,068-0007,北海道,岩見沢市,七条東6-11-15,0126-22-8866,N.A.,http://www.imm.co.jp/,医院・診療所・療養所,
ジェイ・アール・生鮮市場岩見沢店,068-0025,北海道,岩見沢市,5条西9丁目,0126-33-8880,011-741-6083,http://jr-seisen.jp/,コンビニ・スーパー・デパート,
つぼ八中央店,068-0003,北海道,岩見沢市,3条東1丁目,0126-25-8885,N.A.,http://www.tsubohachi.co.jp/,飲み屋,
ケアハウスいわみざわ,068-0042,北海道,岩見沢市,北2条西12丁目4-1,0126-33-8900,0126-33-8905,http://www.iwafuku.myserver.ne.jp/wordpress/,介護・福祉,
デイサービスセンター岩見沢,068-0042,北海道,岩見沢市,北2条西12丁目4-1,0126-33-8910,0126-33-8911,http://www.iwafuku.myserver.ne.jp/wordpress/,介護・福祉,
マヤコーヒー,068-0821,北海道,岩見沢市,栄町8丁目52-1,0126-22-8912,0126-22-8912,http://www.cafemaya.com/,販売・卸（食料品）,
せおコーポレーション,068-0853,北海道,岩見沢市,大和3条6丁目3,0126-23-8989,0126-25-2585,http://seo-corporation.jp/,仏壇・仏具・神具,
有限会社アニスト,093-0005,北海道,網走市,南5条東6丁目11-2,0152-67-9101,N.A.,http://o-anist.com/,士業・コンサルタント,
ダイナム岩見沢店,068-0014,北海道,岩見沢市,東町2条5丁目183-1,0126-22-9117,03-3802-8564,http://www.dynam.jp/top/index.html,屋内遊戯,
サン技術コンサルタント株式会社,093-0041,北海道,網走市,桂町5-4-1,0152-44-9492,0152-45-0471,http://www.sun-ohk.co.jp/s/,相談・調査,
株式会社北海道サンジェルマンレフボン岩見沢南店,068-0816,北海道,岩見沢市,美園6条8丁目6-15,0126-33-9500,011-663-1962,http://www.h-saint-germain.co.jp/index.shtml,食料品,
そらちヤマ（炭鉱）の記憶マネジメントセンター,068-0021,北海道,岩見沢市,1条西4丁目3,0126-24-9901,0126-24-9902,http://www.mc.soratan.com/,組合・団体,
扶桑電通株式会社,068-0021,北海道,岩見沢市,一条西2-8-2岩専会館,0126-23-9919,0126-24-3343,http://www.fusodentsu.co.jp/,IT・情報通信,
