▼本法人データはリストスが提供しています。
https://listoss.com/
▼1件10円！お問い合わせフォーム送信代行。
https://ftj-g.co.jp/form/
▼御社のテレアポ代行します。
https://ftj-g.co.jp/

会社名,郵便番号,都道府県,市区町村,住所,電話番号,FAX番号,出典URL,カテゴリ
カネシメ松田水産株式会社,059-0641,北海道,白老郡白老町,字虎杖浜213,0144-87-2008,0144-87-4154,http://www.kojohama.co.jp/html/index.php,食料品,
高田寅雄,059-0641,北海道,白老郡白老町,字虎杖浜43-4,0144-87-2012,0144-87-2144,http://ititakatakada.web.fc2.com/,水産業,
有限会社カクジュウ須貝水産,059-0641,北海道,白老郡白老町,虎杖浜207,0144-87-2015,0144-87-3286,http://www.taraco.jp/,製造・加工（食料品）,
JR北海道白老駅,059-0904,北海道,白老郡白老町,東町1丁目2,0144-82-2024,N.A.,http://www.jrhokkaido.co.jp/,交通機関,
白老八幡神社,059-0906,北海道,白老郡白老町,本町1丁目1-11,0144-82-2027,0144-82-5771,http://shiraoihatimanjinjya.org/,宗教,
有限会社ヤマブン本間商店,059-0641,北海道,白老郡白老町,虎杖浜76-9,0144-87-2031,0144-87-2111,http://yamabun.kojohama.jp/,販売・卸（食料品）,
白老小鳩保育園,059-0904,北海道,白老郡白老町,東町3丁目1-29,0144-82-2040,0144-82-2040,http://www.nissho-asumoe.com/,幼稚園・保育施設,
有限会社蒲原水産,059-0641,北海道,白老郡白老町,虎杖浜118-4,0144-87-2057,0144-87-3487,http://www.kojyohama-tarako.co.jp/,製造・加工（食料品）,
苫小牧警察署／竹浦駐在所,059-0642,北海道,白老郡白老町,字竹浦36-1,0144-87-2110,N.A.,http://www.tomakomai-syo.police.pref.hokkaido.lg.jp/,消防・警察,
有限会社萩野自動車学校,059-0921,北海道,白老郡白老町,石山26-5,0144-83-2115,0144-83-2125,http://www.haginods.co.jp/,各種学校,
つぼ八白老店,059-0905,北海道,白老郡白老町,大町3丁目8-12,0144-85-2120,0144-85-2120,http://www.tsubohachi.co.jp/,飲み屋,
白老町役場,059-0905,北海道,白老郡白老町,大町1丁目1-1,0144-82-2121,0144-82-4391,http://www.town.shiraoi.hokkaido.jp/,市区町村機関,
大浦木材株式会社,059-0907,北海道,白老郡白老町,末広町1-5-27,0144-82-2127,0144-85-2990,http://www.shiencenter.or.jp/,製造・加工（木製品・紙・パルプ関連）,
胆振東部森林管理署,059-0903,北海道,白老郡白老町,日の出町3丁目4-1,0144-82-2161,0144-82-2163,http://www.rinya.maff.go.jp/,官公署,
北海工機株式会社,059-0916,北海道,白老郡白老町,高砂町1-1-62,0144-82-2176,0144-85-2534,http://www.hokkaikouki.com/,車検・整備・修理,
北海道栄高等学校,059-0908,北海道,白老郡白老町,緑丘4丁目676,0144-82-2185,0144-82-3214,http://www.hokkaidosakae.ed.jp/,小・中・高・大学等,
小幡商事,059-0923,北海道,白老郡白老町,字北吉原197,0144-83-2199,0144-83-2871,http://obatasyouji.m-gene.com/,レッカー・その他,
ハリマ化成株式会社,059-0921,北海道,白老郡白老町,字石山27-5,0144-83-2205,0144-83-5170,http://www.harima.co.jp/,製造・加工（化学・プラスチック）,
とまこまい広域農業協同組合白老支所,059-0906,北海道,白老郡白老町,本町1丁目7-4,0144-82-2266,0144-82-5545,http://www.ja-tomakomaikouiki.com/,組合・団体,
株式会社日海,059-0641,北海道,白老郡白老町,字虎杖浜35-4,0144-87-2268,0144-87-4885,http://www.kani-nikkai.net/,食料品,
有限会社大宝リフレッシュサービス,059-0901,北海道,白老郡白老町,社台134-3,0144-85-2288,0144-85-2218,http://www13.plala.or.jp/,クリーニング,
虎杖浜さいとう釣堀園,059-0641,北海道,白老郡白老町,字虎杖浜439,0144-87-2293,0144-87-2263,http://hokkaitokusan.com/,アウトドア,
ベスト電器白老,059-0905,北海道,白老郡白老町,大町3丁目2-1,0144-82-2312,0144-85-2121,http://www.bestdenki.ne.jp/,家電,
旭新運輸株式会社白老営業所,059-0923,北海道,白老郡白老町,字北吉原181,0144-83-2323,0144-83-5143,http://www.kyokushin-unyu.co.jp/,運送・貨物・倉庫,
社会福祉法人白老宏友会／ポプリ,059-0904,北海道,白老郡白老町,東町5丁目36-1,0144-85-2335,0144-85-2390,http://www.shiraoi-kouyuukai.jp/,介護・福祉,
ホテルほくよう,059-0642,北海道,白老郡白老町,字竹浦121-41,0144-87-2345,0144-87-3888,http://www.h-hokuyo.com/,旅館・民宿,
朝日化学工業株式会社,059-0907,北海道,白老郡白老町,末広町1丁目2番1号,0144-82-2360,0144-82-5563,http://www.asahi-chem.co.jp/,製造・加工（化学・プラスチック）,
北海道銀行白老支店,059-0905,北海道,白老郡白老町,大町3丁目2-11,0144-82-2381,0144-85-2049,http://www.hokkaidobank.co.jp/,金融・郵貯・貸金,
室蘭信用金庫／白老支店,059-0905,北海道,白老郡白老町,大町3丁目3-7,0144-82-2424,N.A.,http://www.muroshin.co.jp/,金融・郵貯・貸金,
竹丸渋谷水産株式会社,059-0641,北海道,白老郡白老町,字虎杖浜179番地の5,0144-87-2433,0144-87-3234,http://kojohama.com/,食料品,
はくねん宅建,059-0905,北海道,白老郡白老町,大町1-2-12はくねん内,0144-82-2439,0144-82-2036,http://www.hakunen.net/,不動産,
ASK株式会社,059-0641,北海道,白老郡白老町,字虎杖浜26-8,0144-87-2490,0952-20-2504,http://www.aida-soken.co.jp/,製造・加工（建築資材）,
日本共産党白老町委員会,059-0904,北海道,白老郡白老町,東町2丁目4-41,0144-85-2523,011-750-1501,http://www.jcp-hokkaido.jp/,組合・団体,
回転寿しクリッパー北吉原店,059-0923,北海道,白老郡白老町,字北吉原153,0144-83-2532,0144-83-2532,http://www.clipper-hisae.co.jp/,中華・中国料理,
北海印刷株式会社苫小牧・白老営業所,059-0906,北海道,白老郡白老町,本町1丁目9-41,0144-85-2545,0143-43-2191,http://www.hokkai-print.co.jp/,印刷・出版,
はしもと珈琲館,059-0642,北海道,白老郡白老町,字竹浦118-31,0144-87-2597,0144-87-2597,http://84mo10.com/,喫茶店・カフェ,
社会福祉法人天寿会,059-0642,北海道,白老郡白老町,竹浦133,0144-87-2611,0144-87-2937,http://tenjyukai.or.jp/,医院・診療所・療養所,
ホテルいずみ,059-0641,北海道,白老郡白老町,字虎杖浜312-1,0144-87-2621,0144-87-2711,http://www.izumi-kojohama.jp/,旅館・民宿,
はくねん宅建,059-0905,北海道,白老郡白老町,大町1丁目2-12,0144-82-2626,0144-82-2036,http://hakunen.cbiz.co.jp/,不動産,
白老さくら幼稚園,059-0903,北海道,白老郡白老町,日の出町3丁目9-47,0144-82-2640,0144-85-2398,http://www.nissho-asumoe.com/,幼稚園・保育施設,
不二家ファミリーチェーン白老店,059-0905,北海道,白老郡白老町,大町3丁目3-11,0144-85-2655,N.A.,http://www.fujiya-peko.co.jp/,お菓子・スイーツ,
大昭和紙工産業株式会社北吉原工場,059-0923,北海道,白老郡白老町,字北吉原176-2,0144-83-2665,0144-83-2433,http://www.daishowasiko.com/,製造・加工（木製品・紙・パルプ関連）,
胆振軽種馬農協,059-0901,北海道,白老郡白老町,字社台335,0144-82-2681,0144-82-4449,http://www.ibba.or.jp/,組合・団体,
民宿500マイル,059-0641,北海道,白老郡白老町,字虎杖浜2-4,0144-87-2682,0144-87-4361,http://500mile.net/,旅館・民宿,
日本製紙株式会社白老工場,059-0923,北海道,白老郡白老町,字北吉原181,0144-83-2711,0144-83-1400,http://www.nipponpapergroup.com/,製造・加工（木製品・紙・パルプ関連）,
白老町商工会,059-0905,北海道,白老郡白老町,大町2-3-4,0144-82-2775,N.A.,http://www.shiraoi-shokokai.jp/,組合・団体,
日鉄鉱業株式会社／北海道支店白老チップ工場,059-0642,北海道,白老郡白老町,字竹浦343-9,0144-87-2791,0144-87-2752,http://www.nittetsukou.co.jp/,鉱業,
アヨロ温泉,059-0641,北海道,白老郡白老町,字虎杖浜154-2,0144-87-2822,0144-87-2822,http://www.ayorospa.com/,観光・温泉・銭湯,
有限会社荒井工芸館,059-0905,北海道,白老郡白老町,大町3-3-26,0144-82-2823,N.A.,http://www.craft-arai.sakura.ne.jp/,製造・加工（その他）,
株式会社虎杖浜水産本社,059-0641,北海道,白老郡白老町,字虎杖浜32,0144-87-2912,0144-87-2918,http://www.kojouhamasuisan.co.jp/,製造・加工（食料品）,
北昭興業株式会社／本社,059-0923,北海道,白老郡白老町,字北吉原159-4,0144-83-3000,0144-83-2347,http://www.hokusyo-k.co.jp/,製造・加工（木製品・紙・パルプ関連）,
萩野歯科診療所,059-0922,北海道,白老郡白老町,字萩野42-1,0144-83-3001,0144-83-3111,http://www.haginoshika.com/,歯科系,
サンクス白老社台店,059-0901,北海道,白老郡白老町,字社台139-1,0144-85-3002,N.A.,http://www.circleksunkus.jp/,コンビニ・スーパー・デパート,
白老石油株式会社,059-0903,北海道,白老郡白老町,日の出町1丁目1-8,0144-82-3121,0144-82-4826,http://www16.plala.or.jp/,ガソリンスタンド,
せんだ仕出し,059-0901,北海道,白老郡白老町,字社台54-3,0144-82-3135,N.A.,http://janome1000da.com/,弁当・宅配,
auショップ白老,059-0905,北海道,白老郡白老町,大町2丁目1-25,0144-85-3222,0144-85-3223,https://www.au.com/,電話・通信,
社会福祉法人白老宏友会／地域生活支援センターあぷろ,059-0904,北海道,白老郡白老町,東町3丁目3-6,0144-82-3308,0144-82-3415,http://shiraoi-kouyuukai.jp/,介護・福祉,
海花亭,059-0642,北海道,白老郡白老町,字竹浦122-4,0144-87-3366,N.A.,http://www.shiraoikaikatei.com/,その他宿泊施設,
株式会社虎杖浜水産店舗,059-0641,北海道,白老郡白老町,字虎杖浜32,0144-87-3372,0144-87-2918,http://www.kojouhamasuisan.co.jp/,おみやげ,
有限会社本間水産,059-0641,北海道,白老郡白老町,字虎杖浜420番地146,0144-87-3402,N.A.,http://www.maruyamashime.co.jp/,食料品,
毛笠コンクリート株式会社／リサイクルセンター,059-0642,北海道,白老郡白老町,字竹浦389,0144-87-3489,0144-87-2989,http://www.kegasa-concrete.com/,廃棄物処理,
株式会社エフ・オー・テック,059-0923,北海道,白老郡白老町,字北吉原181,0144-83-3500,03-3595-4490,http://www.ogcorp.co.jp/,製造・加工（化学・プラスチック）,
ファッションクリーニングカマダ,059-0922,北海道,白老郡白老町,字萩野77-11,0144-83-3733,0144-83-3733,http://mainichi-siminuki.com/,住まいのクリーニング,
虎屋,059-0922,北海道,白老郡白老町,字萩野18,0144-83-3751,0120-77-3250,http://www.toraya-group.co.jp/,ラーメン,
恵和園エルテルハイム,059-0900,北海道,白老郡白老町,字白老762-25,0144-82-3769,0144-82-3820,http://www14.plala.or.jp/,介護・福祉,
社会福祉法人白老宏友会,059-0642,北海道,白老郡白老町,字竹浦344-13,0144-87-3800,0144-87-3813,http://shiraoi-kouyuukai.jp/,介護・福祉,
有限会社三和製箱,059-0921,北海道,白老郡白老町,石山65-36,0144-83-3839,0144-83-6655,http://www.sanwaseihako.co.jp/,製造・加工（木製品・紙・パルプ関連）,
かに御殿,059-0642,北海道,白老郡白老町,字竹浦96-2,0144-87-3887,0144-87-3888,http://kanigoten.co.jp/,食料品,
海鮮工房たらこ家虎杖浜,059-0641,北海道,白老郡白老町,字虎杖浜213,0144-87-3892,0144-87-4154,http://www.kojohama.co.jp/html/index.php,食料品,
社会福祉法人白老宏友会／白老愛泉園,059-0642,北海道,白老郡白老町,字竹浦344-13,0144-87-3901,0144-87-3813,http://shiraoi-kouyuukai.jp/,介護・福祉,
ポロトコタン,059-0902,北海道,白老郡白老町,若草町2丁目3-4,0144-82-3914,0144-82-3685,http://www.ainu-museum.or.jp/,博物館・美術館,
株式会社北海道三喜白老店,059-0903,北海道,白老郡白老町,日の出町1丁目1-5,0144-85-3950,0144-85-2596,http://www.fi-sanki.co.jp/,洋服,
ピリカレラホテル,059-0903,北海道,白老郡白老町,日の出町1丁目3-15,0144-85-4001,0144-85-4002,http://www.pirikarera.com/,ホテル・ペンション,
花の湯温泉,059-0641,北海道,白老郡白老町,字虎杖浜40-2,0144-87-4035,0144-87-4708,http://www.tokinosumika.com/,観光・温泉・銭湯,
株式会社大起商事,059-0921,北海道,白老郡白老町,字石山69-2,0144-83-4400,0144-83-4700,http://taiki21.co.jp/,製造・加工（その他）,
有限会社いぶり産業,059-0902,北海道,白老郡白老町,若草町1-12-18,0144-82-4493,0144-85-2902,http://www7.plala.or.jp/,総合・職別工事業,
カウベルレストラン,059-0921,北海道,白老郡白老町,字石山112-14,0144-83-4567,0144-83-4568,http://www.shiraoi-cowbell.com/,レストラン,
東洋商事株式会社,N.A.,北海道,白老郡白老町,字竹浦492,0144-87-4660,0144-87-4660,http://www.toyo-shoji.jp/,製造・加工（その他）,
日本製紙木材株式会社,059-0923,北海道,白老郡白老町,北吉原181,0144-83-4670,0144-83-5264,http://www.np-l.co.jp/,製造・加工（建築資材）,
北海道白老東高等学校,059-0903,北海道,白老郡白老町,日の出町5丁目17-3,0144-82-4762,0144-82-4766,http://www.shiraoihigashi.hokkaido-c.ed.jp/,小・中・高・大学等,
ウエムラ牧場,059-0921,北海道,白老郡白老町,字石山109-20,0144-83-4929,0144-83-5213,http://wagyu-oukoku.com/,観光・温泉・銭湯,
はしもと陶芸,059-0642,北海道,白老郡白老町,字竹浦118-146,0144-87-4975,0144-87-4806,http://84mo10.com/,趣味,
株式会社テクノス,059-0921,北海道,白老郡白老町,石山9-38,0144-83-4996,0144-83-5932,http://e-technos.jp/,修理,
いわさき白老牛の店,059-0901,北海道,白老郡白老町,字社台271,0144-82-5093,0144-82-5092,http://iwasakiwagyu.com/,食料品,
株式会社山珍,N.A.,北海道,白老郡白老町,石山9番31号,0144-83-5211,0144-83-5112,http://www.yamachin.co.jp/,食料品,
ライラックフーズ株式会社,059-0921,北海道,白老郡白老町,字石山68-9,0144-83-5333,0144-83-5522,http://lilacfoods.co.jp/,製造・加工（食料品）,
まいこのマドレーヌ,059-0921,北海道,白老郡白老町,字石山17-183,0144-83-5346,0144-83-5346,http://s-maiko.com/,お菓子・スイーツ,
株式会社牛の里,059-0914,北海道,白老郡白老町,栄町1丁目6-13,0144-82-5357,0144-82-5417,http://ushinosato.com/,食料品,
株式会社ツルハツルハドラッグ白老店,059-0914,北海道,白老郡白老町,栄町2丁目1-7,0144-85-5366,N.A.,http://www.tsuruha.co.jp/,美容・コスメ,
天野ファミリーファーム,059-0900,北海道,白老郡白老町,字白老766,0144-82-5493,0144-82-5493,http://www.dreamsite.ne.jp/,観光・温泉・銭湯,
北海道ポロトゴルフクラブ,059-0901,北海道,白老郡白老町,字社台292-157,0144-82-5515,0144-82-5516,http://www.hpgc.jp/,ゴルフ,
ハラマキ・ファームクリニック,059-0904,北海道,白老郡白老町,東町2丁目1-2,0144-82-5636,0144-82-5632,http://www.haramakifarmclinic.com/,動物病院・獣医師,
イエローグローブ白老店,059-0921,北海道,白老郡白老町,字石山1-10,0144-82-5711,N.A.,http://www.yellow-glove.com/,生活用品,
コープさっぽろパセオしらおい,059-0904,北海道,白老郡白老町,東町1丁目5-1,0144-82-5790,0144-85-2596,https://www.sapporo.coop/,食料品,
館ローラン虎杖浜,059-0642,北海道,白老郡白老町,字竹浦118-6,0144-87-6100,0144-87-6110,http://www.yakatarouran.com/,不動産,
海の別邸ふる川,059-0641,北海道,白老郡白老町,字虎杖浜289-3,0144-87-6111,0144-87-6000,http://www.kokorono-resort.com/,旅館・民宿,
株式会社川田建設,059-0921,北海道,白老郡白老町,石山15,0144-83-6111,0144-83-6623,http://www.kawadaken.co.jp/,総合・職別工事業,
セブンイレブン／白老萩野西店,059-0922,北海道,白老郡白老町,字萩野84-188,0144-83-6161,0144-83-6161,http://www.sej.co.jp/,コンビニ・スーパー・デパート,
株式会社大西林業,059-0923,北海道,白老郡白老町,字北吉原589-1,0144-83-6226,0144-83-3113,http://www.mokutan.org/,林業,
白老町社会福祉協議会,059-0904,北海道,白老郡白老町,東町4丁目6-7,0144-82-6306,0144-82-6308,http://shiraoi-syakyo.com/,市区町村機関,
ローソン／白老東町店,059-0904,北海道,白老郡白老町,東町5丁目11-27,0144-82-6315,0144-85-2185,http://www.lawson.co.jp/,コンビニ・スーパー・デパート,
介護付有料老人ホーム悠悠,059-0916,北海道,白老郡白老町,高砂町3丁目1-6,0144-82-6539,0144-82-6541,http://shiraoi-yuyu.com/,介護・福祉,
ケアハウス暖炉,059-0642,北海道,白老郡白老町,字竹浦101-33,0144-87-6611,0144-87-6612,http://ecolifemadoka.com/,介護・福祉,
株式会社サンライン,059-0642,北海道,白老郡白老町,字竹浦121-17,0144-87-6660,0144-87-6661,http://www.sunline.co.jp/,カー用品,
白老観光バス株式会社,059-0642,北海道,白老郡白老町,字竹浦216-2,0144-87-6667,0144-87-6668,http://shiraoikankobus.com/,交通機関,
ベーカリーショップななかまど,059-0905,北海道,白老郡白老町,大町2丁目2-17,0144-82-6677,0144-82-6679,http://www.shiraoi-kouyuukai.jp/,食料品,
ローソン／白老町石山店,059-0921,北海道,白老郡白老町,字石山15,0144-83-6687,0144-83-6687,http://www.lawson.co.jp/,コンビニ・スーパー・デパート,
白老カーランド,059-0642,北海道,白老郡白老町,字竹浦208-20,0144-87-6711,0144-87-6710,http://www9.plala.or.jp/,モータースポーツ,
株式会社マザーズ白老店,059-0901,北海道,白老郡白老町,字社台288,0144-82-6786,0144-85-3099,http://www.mothers-egg.com/,農業,
日本製紙総合開発株式会社,059-0923,北海道,白老郡白老町,字北吉原181,0144-84-9030,0144-83-6701,http://www.npd.jp/,観光・温泉・銭湯,
株式会社東日本ウッドワークス北海道,059-0921,北海道,白老郡白老町,石山67-9,0144-83-9100,0144-83-6868,http://www3.plala.or.jp/,製造・加工（木製品・紙・パルプ関連）,
北海産業株式会社,059-0921,北海道,白老郡白老町,字石山9番42号,0144-84-9300,0144-84-9301,http://www.hsk-rental.co.jp/,製造・加工（工作機械・一般機械器具）,
株式会社カナモト,059-0921,北海道,白老郡白老町,字石山67番3,0144-84-9881,0144-83-2558,http://www.kanamoto.co.jp/,リース・レンタル,
